name,age,owner,breed,image,color,texture,fur,size
"Henry",4,"Patrycja","Ragdoll","","gray", "","","M"
Winnie,4,Björn,,http://dummyimage.com/117x107.bmp/dddddd/000000,Puce,false,false,2XL
Gracia,7,Estée,,http://dummyimage.com/176x195.bmp/cc0000/ffffff,Fuscia,false,false,3XL
Inesita,2,Marie-ève,,http://dummyimage.com/104x181.jpg/dddddd/000000,Maroon,false,true,L
Maud,3,Kuí,,http://dummyimage.com/120x244.bmp/dddddd/000000,Yellow,true,true,XL
Dara,4,Uò,,http://dummyimage.com/177x212.bmp/5fa2dd/ffffff,Teal,true,true,M
Dominga,7,Sòng,,http://dummyimage.com/144x199.png/5fa2dd/ffffff,Goldenrod,true,false,S
Chrysler,2,Björn,,http://dummyimage.com/176x116.png/cc0000/ffffff,Indigo,false,true,3XL
Kessiah,8,Méng,,http://dummyimage.com/197x116.bmp/cc0000/ffffff,Puce,false,true,2XL
Ric,10,Léandre,,http://dummyimage.com/146x176.jpg/cc0000/ffffff,Aquamarine,false,false,XL
Collette,2,Stévina,,http://dummyimage.com/169x204.png/ff4444/ffffff,Purple,false,true,S
Vivianne,1,Michèle,,http://dummyimage.com/152x193.jpg/cc0000/ffffff,Pink,false,true,L
Evania,4,Dù,,http://dummyimage.com/132x116.png/ff4444/ffffff,Green,false,true,S
Farr,10,Loïca,,http://dummyimage.com/178x160.png/ff4444/ffffff,Red,true,true,2XL
Trenna,2,Thérèse,,http://dummyimage.com/152x191.bmp/dddddd/000000,Fuscia,true,true,3XL
Phylys,4,Andréa,,http://dummyimage.com/248x122.jpg/cc0000/ffffff,Blue,true,false,S
Paddie,1,Loïs,,http://dummyimage.com/191x119.png/cc0000/ffffff,Maroon,false,false,L
Adara,9,Yáo,,http://dummyimage.com/158x156.png/dddddd/000000,Yellow,true,false,XS
Brand,8,Marylène,,http://dummyimage.com/148x133.png/ff4444/ffffff,Turquoise,false,true,2XL
Edgar,9,Lén,,http://dummyimage.com/237x195.png/dddddd/000000,Violet,true,false,XL
Renelle,9,Adèle,,http://dummyimage.com/108x225.bmp/ff4444/ffffff,Puce,true,true,XL
Tulley,6,Marylène,,http://dummyimage.com/140x212.jpg/5fa2dd/ffffff,Orange,false,true,L
Beau,5,Véronique,,http://dummyimage.com/109x164.png/dddddd/000000,Yellow,false,true,L
Auria,3,Mélissandre,,http://dummyimage.com/228x182.jpg/5fa2dd/ffffff,Yellow,true,false,S
Ollie,6,Ophélie,,http://dummyimage.com/205x218.jpg/dddddd/000000,Fuscia,false,true,XL
Sherwynd,6,Mén,,http://dummyimage.com/116x100.jpg/ff4444/ffffff,Orange,false,true,XL
Frasco,4,Pål,,http://dummyimage.com/212x198.bmp/5fa2dd/ffffff,Teal,false,false,M
Chrystal,5,Loïs,,http://dummyimage.com/195x161.jpg/cc0000/ffffff,Turquoise,true,false,3XL
Marlane,1,Solène,,http://dummyimage.com/217x228.jpg/dddddd/000000,Turquoise,false,true,S
Caye,3,Mylène,,http://dummyimage.com/144x124.jpg/dddddd/000000,Yellow,true,true,XS
Madelin,5,Bénédicte,,http://dummyimage.com/120x183.bmp/dddddd/000000,Yellow,false,false,M
Puff,5,Kallisté,,http://dummyimage.com/214x234.bmp/cc0000/ffffff,Indigo,false,true,2XL
Ferris,9,Cloé,,http://dummyimage.com/117x100.png/5fa2dd/ffffff,Pink,true,false,M
Malva,8,Sélène,,http://dummyimage.com/170x126.bmp/5fa2dd/ffffff,Blue,false,false,L
Pierrette,2,Léandre,,http://dummyimage.com/203x229.png/dddddd/000000,Pink,false,false,S
Jabez,10,Tú,,http://dummyimage.com/199x221.png/ff4444/ffffff,Maroon,false,true,XS
Marcelle,1,Andrée,,http://dummyimage.com/184x120.jpg/dddddd/000000,Fuscia,true,true,L
Lacie,7,Mélia,,http://dummyimage.com/203x158.png/dddddd/000000,Mauv,true,false,2XL
Rebe,1,Joséphine,,http://dummyimage.com/156x223.bmp/dddddd/000000,Orange,true,true,XL
Opal,2,Cléopatre,,http://dummyimage.com/144x165.jpg/cc0000/ffffff,Yellow,true,true,S
Fredericka,1,Maëline,,http://dummyimage.com/110x199.jpg/5fa2dd/ffffff,Puce,true,true,XS
Josy,4,Cécile,,http://dummyimage.com/171x132.png/5fa2dd/ffffff,Maroon,false,true,S
Aldwin,7,Stévina,,http://dummyimage.com/227x170.jpg/5fa2dd/ffffff,Blue,false,false,2XL
Harv,7,Dù,,http://dummyimage.com/235x106.png/dddddd/000000,Goldenrod,true,true,L
Kirby,2,Zhì,,http://dummyimage.com/178x155.png/ff4444/ffffff,Indigo,true,false,L
Vail,4,Pål,,http://dummyimage.com/201x201.png/5fa2dd/ffffff,Goldenrod,true,true,M
Deeyn,6,Noëlla,,http://dummyimage.com/244x232.bmp/cc0000/ffffff,Crimson,false,true,2XL
Doreen,5,Maëlys,,http://dummyimage.com/222x247.bmp/dddddd/000000,Maroon,true,true,3XL
Marybelle,5,Angélique,,http://dummyimage.com/172x192.jpg/5fa2dd/ffffff,Red,true,false,M
Tessy,9,Irène,,http://dummyimage.com/173x228.bmp/dddddd/000000,Green,true,true,XL
Collen,2,Garçon,,http://dummyimage.com/181x175.png/ff4444/ffffff,Red,true,false,XS
Engracia,7,Aloïs,,http://dummyimage.com/108x182.jpg/ff4444/ffffff,Violet,true,false,M
Caralie,4,Hélèna,,http://dummyimage.com/130x189.jpg/cc0000/ffffff,Indigo,true,true,XL
Melisande,1,Céline,,http://dummyimage.com/122x183.jpg/ff4444/ffffff,Khaki,false,true,M
West,3,Lucrèce,,http://dummyimage.com/159x213.jpg/dddddd/000000,Mauv,true,true,3XL
Darrick,1,Célia,,http://dummyimage.com/140x162.bmp/ff4444/ffffff,Fuscia,true,true,M
Hakim,2,Françoise,,http://dummyimage.com/129x213.bmp/ff4444/ffffff,Yellow,true,false,2XL
Bastien,5,Mélys,,http://dummyimage.com/181x188.jpg/cc0000/ffffff,Goldenrod,true,false,2XL
Bastien,5,Annotée,,http://dummyimage.com/222x138.png/ff4444/ffffff,Mauv,false,false,S
Silva,9,Lorène,,http://dummyimage.com/160x237.png/ff4444/ffffff,Crimson,false,true,2XL
Clarke,10,Åslög,,http://dummyimage.com/131x109.png/dddddd/000000,Violet,true,false,2XL
Buckie,10,Michèle,,http://dummyimage.com/237x130.png/cc0000/ffffff,Purple,true,true,L
Carlye,4,Inès,,http://dummyimage.com/231x137.png/cc0000/ffffff,Yellow,true,false,L
Betty,4,Hélène,,http://dummyimage.com/215x138.jpg/cc0000/ffffff,Violet,true,false,M
Cordelie,1,Gaëlle,,http://dummyimage.com/129x166.jpg/ff4444/ffffff,Fuscia,true,true,XL
Valma,1,Thérèsa,,http://dummyimage.com/178x141.bmp/cc0000/ffffff,Teal,false,true,3XL
Robinet,2,Lyséa,,http://dummyimage.com/237x215.png/dddddd/000000,Maroon,false,false,XS
Anders,6,Josée,,http://dummyimage.com/112x243.jpg/cc0000/ffffff,Blue,true,true,S
Yves,9,Nuó,,http://dummyimage.com/169x222.jpg/cc0000/ffffff,Maroon,true,false,L
Everard,6,Anaé,,http://dummyimage.com/189x168.jpg/ff4444/ffffff,Puce,false,false,M
Gearalt,4,Renée,,http://dummyimage.com/118x210.png/5fa2dd/ffffff,Mauv,true,true,L
Nealon,10,Léonore,,http://dummyimage.com/111x122.jpg/5fa2dd/ffffff,Crimson,true,false,XS
Vail,8,Maïlys,,http://dummyimage.com/111x228.jpg/5fa2dd/ffffff,Fuscia,true,true,XL
Juliette,1,Léone,,http://dummyimage.com/238x127.jpg/ff4444/ffffff,Mauv,false,true,3XL
Phip,2,Réservés,,http://dummyimage.com/210x218.png/ff4444/ffffff,Khaki,false,false,L
Jessi,8,Marlène,,http://dummyimage.com/246x215.bmp/5fa2dd/ffffff,Red,true,false,XL
Lilian,6,Naéva,,http://dummyimage.com/170x244.jpg/cc0000/ffffff,Mauv,false,true,L
Daryn,9,Inès,,http://dummyimage.com/164x115.png/5fa2dd/ffffff,Khaki,true,false,3XL
Lusa,6,Maïwenn,,http://dummyimage.com/197x111.bmp/dddddd/000000,Crimson,false,false,S
Bail,4,Françoise,,http://dummyimage.com/212x144.bmp/cc0000/ffffff,Teal,true,false,3XL
Egbert,4,Lorène,,http://dummyimage.com/138x200.png/dddddd/000000,Khaki,true,true,L
Simmonds,3,Mahélie,,http://dummyimage.com/180x244.jpg/dddddd/000000,Mauv,false,false,XS
Odelia,8,Marlène,,http://dummyimage.com/236x216.bmp/5fa2dd/ffffff,Khaki,true,false,XL
Talia,5,Mélodie,,http://dummyimage.com/195x199.jpg/5fa2dd/ffffff,Yellow,true,true,2XL
Jermaine,8,Léandre,,http://dummyimage.com/199x187.png/dddddd/000000,Blue,false,false,M
Juliette,8,Anaïs,,http://dummyimage.com/148x139.jpg/cc0000/ffffff,Maroon,false,false,M
Pennie,2,Pål,,http://dummyimage.com/126x202.bmp/cc0000/ffffff,Pink,true,false,XL
Christin,7,Daphnée,,http://dummyimage.com/161x200.bmp/cc0000/ffffff,Purple,false,false,S
Wynnie,3,Solène,,http://dummyimage.com/227x246.png/ff4444/ffffff,Fuscia,false,true,XL
Debra,6,Maëlyss,,http://dummyimage.com/133x148.bmp/cc0000/ffffff,Aquamarine,false,false,2XL
Aviva,4,Angèle,,http://dummyimage.com/130x190.jpg/ff4444/ffffff,Violet,false,false,L
Miguelita,3,Léana,,http://dummyimage.com/196x225.bmp/dddddd/000000,Purple,false,false,M
Gianna,5,Lauréna,,http://dummyimage.com/201x246.jpg/cc0000/ffffff,Khaki,true,true,S
Lilli,6,Noëlla,,http://dummyimage.com/142x243.bmp/dddddd/000000,Teal,false,true,XL
Germain,9,Gérald,,http://dummyimage.com/208x108.bmp/dddddd/000000,Khaki,false,true,XS
Paten,1,Françoise,,http://dummyimage.com/223x196.png/dddddd/000000,Khaki,false,false,2XL
Vonni,5,Aimée,,http://dummyimage.com/189x238.jpg/ff4444/ffffff,Blue,true,false,S
Ted,5,Wá,,http://dummyimage.com/211x215.bmp/cc0000/ffffff,Maroon,false,false,XS
Stacia,3,Tán,,http://dummyimage.com/203x130.png/dddddd/000000,Aquamarine,true,true,XL
Antone,2,Béatrice,,http://dummyimage.com/229x141.jpg/dddddd/000000,Crimson,true,false,XL
Sunny,7,Loïca,,http://dummyimage.com/212x205.bmp/ff4444/ffffff,Red,true,true,2XL
Vanda,4,Gösta,,http://dummyimage.com/238x138.bmp/dddddd/000000,Indigo,false,false,2XL
Milzie,10,Publicité,,http://dummyimage.com/220x178.png/dddddd/000000,Pink,true,false,3XL
Ginevra,6,Naéva,,http://dummyimage.com/160x239.bmp/5fa2dd/ffffff,Pink,true,true,L
Andi,1,Adélaïde,,http://dummyimage.com/105x223.jpg/5fa2dd/ffffff,Crimson,false,true,M
Aleece,7,Rachèle,,http://dummyimage.com/160x104.bmp/dddddd/000000,Green,false,true,S
Brnaba,10,Méghane,,http://dummyimage.com/182x213.jpg/dddddd/000000,Crimson,false,true,M
Sisely,2,Börje,,http://dummyimage.com/178x111.bmp/cc0000/ffffff,Teal,false,false,XL
Marybelle,4,Rachèle,,http://dummyimage.com/155x198.jpg/5fa2dd/ffffff,Orange,true,false,XL
Aldin,9,Aí,,http://dummyimage.com/158x180.bmp/dddddd/000000,Indigo,false,true,XL
Glad,10,Valérie,,http://dummyimage.com/233x163.bmp/5fa2dd/ffffff,Puce,false,false,M
Melvin,5,Mélia,,http://dummyimage.com/199x144.jpg/ff4444/ffffff,Turquoise,true,true,XL
Feliks,5,Judicaël,,http://dummyimage.com/174x217.bmp/ff4444/ffffff,Green,true,false,2XL
Cleopatra,3,Loïc,,http://dummyimage.com/132x117.bmp/5fa2dd/ffffff,Turquoise,false,false,M
Marylou,1,Erwéi,,http://dummyimage.com/112x155.bmp/cc0000/ffffff,Pink,false,true,S
Fulvia,10,Lorène,,http://dummyimage.com/232x216.png/5fa2dd/ffffff,Teal,false,true,S
Lana,10,Chloé,,http://dummyimage.com/106x186.bmp/5fa2dd/ffffff,Blue,false,true,XL
Stacee,2,Ruì,,http://dummyimage.com/130x216.bmp/ff4444/ffffff,Green,false,true,L
Ginevra,2,Inès,,http://dummyimage.com/129x138.bmp/5fa2dd/ffffff,Khaki,false,true,XL
Ettie,8,Kévina,,http://dummyimage.com/201x211.bmp/ff4444/ffffff,Teal,false,true,XS
Wernher,9,Mahélie,,http://dummyimage.com/212x228.jpg/dddddd/000000,Puce,false,true,XL
Sandy,1,Intéressant,,http://dummyimage.com/185x221.png/cc0000/ffffff,Puce,false,false,S
Gus,5,Célestine,,http://dummyimage.com/146x197.png/cc0000/ffffff,Green,true,true,S
Maxi,5,Thérèse,,http://dummyimage.com/110x139.bmp/5fa2dd/ffffff,Green,true,true,3XL
Rosanne,2,Gisèle,,http://dummyimage.com/207x249.bmp/5fa2dd/ffffff,Yellow,false,true,M
Rae,7,Zhì,,http://dummyimage.com/114x234.png/ff4444/ffffff,Crimson,false,true,M
Morganne,4,Lén,,http://dummyimage.com/147x216.jpg/ff4444/ffffff,Fuscia,true,false,M
Tadeo,10,Vérane,,http://dummyimage.com/148x140.bmp/cc0000/ffffff,Yellow,true,true,M
Selene,5,Audréanne,,http://dummyimage.com/221x218.jpg/ff4444/ffffff,Yellow,true,true,XS
Korie,8,Michèle,,http://dummyimage.com/115x169.jpg/cc0000/ffffff,Aquamarine,false,false,S
Channa,3,Illustrée,,http://dummyimage.com/155x140.bmp/cc0000/ffffff,Maroon,true,true,XS
Georgi,6,Lèi,,http://dummyimage.com/227x131.png/dddddd/000000,Teal,false,false,M
Basil,7,Östen,,http://dummyimage.com/165x114.bmp/dddddd/000000,Teal,false,true,3XL
Pen,3,Björn,,http://dummyimage.com/184x243.jpg/dddddd/000000,Indigo,false,true,M
Anissa,1,Loïc,,http://dummyimage.com/236x248.bmp/dddddd/000000,Purple,false,true,M
Roderich,9,Salomé,,http://dummyimage.com/183x203.jpg/5fa2dd/ffffff,Teal,false,false,2XL
Cooper,6,Mégane,,http://dummyimage.com/215x229.png/5fa2dd/ffffff,Crimson,true,true,XL
Averyl,9,Vénus,,http://dummyimage.com/229x100.jpg/cc0000/ffffff,Maroon,false,false,2XL
Nelie,9,Béatrice,,http://dummyimage.com/229x189.bmp/cc0000/ffffff,Goldenrod,false,true,M
Gratia,10,Garçon,,http://dummyimage.com/113x217.jpg/dddddd/000000,Blue,true,true,S
Lorens,8,Lài,,http://dummyimage.com/209x236.bmp/5fa2dd/ffffff,Maroon,true,true,S
Johann,7,Anaïs,,http://dummyimage.com/165x202.png/dddddd/000000,Yellow,false,false,3XL
Marcelle,1,Clélia,,http://dummyimage.com/188x136.png/cc0000/ffffff,Purple,true,true,M
Kelci,1,Régine,,http://dummyimage.com/187x152.bmp/5fa2dd/ffffff,Khaki,true,false,XS
Laurence,6,Laurène,,http://dummyimage.com/203x145.jpg/cc0000/ffffff,Mauv,false,true,2XL
Kiley,9,Mahélie,,http://dummyimage.com/176x101.png/ff4444/ffffff,Orange,false,false,M
Zed,10,Noëlla,,http://dummyimage.com/167x106.jpg/ff4444/ffffff,Crimson,false,false,L
Kevyn,2,Lén,,http://dummyimage.com/179x163.jpg/5fa2dd/ffffff,Khaki,true,true,S
Rosette,4,Personnalisée,,http://dummyimage.com/178x212.bmp/ff4444/ffffff,Puce,false,false,2XL
Darwin,7,Célestine,,http://dummyimage.com/239x101.bmp/dddddd/000000,Orange,true,false,XL
Faydra,4,Göran,,http://dummyimage.com/151x132.jpg/ff4444/ffffff,Purple,true,true,2XL
Harvey,2,Yáo,,http://dummyimage.com/154x126.jpg/ff4444/ffffff,Indigo,true,false,S
Peadar,3,Thérèse,,http://dummyimage.com/189x165.jpg/cc0000/ffffff,Crimson,true,true,XS
Rowan,7,Maëline,,http://dummyimage.com/120x192.bmp/ff4444/ffffff,Crimson,true,false,L
Pavia,2,Réservés,,http://dummyimage.com/239x178.jpg/ff4444/ffffff,Orange,false,false,3XL
Abigael,3,Chloé,,http://dummyimage.com/223x188.jpg/5fa2dd/ffffff,Violet,false,false,L
Bel,6,Sòng,,http://dummyimage.com/106x101.jpg/dddddd/000000,Violet,true,true,XL
Sallyanne,8,Séréna,,http://dummyimage.com/102x220.jpg/cc0000/ffffff,Indigo,false,true,XL
Bay,4,Kévina,,http://dummyimage.com/177x243.bmp/ff4444/ffffff,Turquoise,false,false,3XL
Isaiah,6,Méline,,http://dummyimage.com/231x165.jpg/5fa2dd/ffffff,Indigo,false,true,XS
Aldwin,10,Josée,,http://dummyimage.com/125x116.jpg/5fa2dd/ffffff,Yellow,true,false,3XL
Murial,3,Océane,,http://dummyimage.com/185x103.bmp/dddddd/000000,Maroon,false,true,2XL
Inga,5,Véronique,,http://dummyimage.com/246x111.png/ff4444/ffffff,Fuscia,false,false,XL
Charlena,10,Maëly,,http://dummyimage.com/164x229.bmp/dddddd/000000,Teal,false,true,3XL
Audry,4,Régine,,http://dummyimage.com/126x227.bmp/dddddd/000000,Puce,true,false,XL
Eduard,2,Ráo,,http://dummyimage.com/143x239.jpg/dddddd/000000,Khaki,true,true,3XL
Cristian,6,Sòng,,http://dummyimage.com/209x218.bmp/dddddd/000000,Teal,false,false,2XL
Rafa,5,Kévina,,http://dummyimage.com/102x151.png/cc0000/ffffff,Puce,true,false,S
Fairfax,10,Anaëlle,,http://dummyimage.com/122x190.bmp/5fa2dd/ffffff,Green,false,true,2XL
Gunner,2,Bérangère,,http://dummyimage.com/237x168.bmp/5fa2dd/ffffff,Fuscia,true,false,M
Wendi,8,Estève,,http://dummyimage.com/184x196.bmp/ff4444/ffffff,Aquamarine,true,true,XS
Gustavus,6,Régine,,http://dummyimage.com/179x219.png/ff4444/ffffff,Aquamarine,false,false,S
Karlens,10,Fèi,,http://dummyimage.com/106x155.bmp/ff4444/ffffff,Yellow,true,false,XS
Jillene,3,Inès,,http://dummyimage.com/155x201.bmp/cc0000/ffffff,Orange,true,false,2XL
Edi,4,Åke,,http://dummyimage.com/148x125.bmp/dddddd/000000,Teal,true,true,3XL
Johnna,6,Eugénie,,http://dummyimage.com/156x159.bmp/cc0000/ffffff,Aquamarine,false,true,L
Aarika,2,Görel,,http://dummyimage.com/212x232.png/5fa2dd/ffffff,Green,true,true,M
Maggy,7,Séverine,,http://dummyimage.com/227x249.jpg/cc0000/ffffff,Pink,true,false,S
Gabie,2,Göran,,http://dummyimage.com/130x204.bmp/ff4444/ffffff,Mauv,false,false,2XL
Faun,6,Méline,,http://dummyimage.com/227x209.png/ff4444/ffffff,Teal,true,true,2XL
Edna,2,Görel,,http://dummyimage.com/222x108.bmp/5fa2dd/ffffff,Goldenrod,true,true,XS
Willey,1,Judicaël,,http://dummyimage.com/128x104.bmp/dddddd/000000,Khaki,true,false,XL
Avivah,10,Åsa,,http://dummyimage.com/206x146.jpg/cc0000/ffffff,Khaki,true,true,XL
Mora,3,Méng,,http://dummyimage.com/155x172.bmp/cc0000/ffffff,Aquamarine,true,true,L
Esdras,1,Régine,,http://dummyimage.com/155x192.jpg/5fa2dd/ffffff,Green,false,false,XS
Nelie,9,Dà,,http://dummyimage.com/100x165.bmp/cc0000/ffffff,Blue,true,false,XL
Yolanda,7,Cécilia,,http://dummyimage.com/107x166.jpg/ff4444/ffffff,Goldenrod,true,false,XS
Kaye,7,Gaétane,,http://dummyimage.com/167x166.png/cc0000/ffffff,Puce,true,true,XS
Forrester,4,Naëlle,,http://dummyimage.com/112x193.png/dddddd/000000,Red,false,false,3XL
Yolanthe,8,Zhì,,http://dummyimage.com/130x118.png/dddddd/000000,Pink,true,false,M
Eamon,8,Östen,,http://dummyimage.com/184x177.bmp/5fa2dd/ffffff,Aquamarine,false,false,L
Christi,5,Maëlys,,http://dummyimage.com/210x151.jpg/dddddd/000000,Goldenrod,false,true,XL
Marcos,6,Zoé,,http://dummyimage.com/153x224.jpg/ff4444/ffffff,Green,false,false,3XL
Camille,5,Magdalène,,http://dummyimage.com/112x132.bmp/cc0000/ffffff,Green,false,true,L
Chaunce,1,Andréa,,http://dummyimage.com/219x159.jpg/dddddd/000000,Pink,false,false,2XL
Deeann,8,Maïlis,,http://dummyimage.com/141x210.png/dddddd/000000,Pink,true,false,M
Sharon,9,Angèle,,http://dummyimage.com/228x111.png/dddddd/000000,Puce,true,true,XS
Fanchette,3,Göran,,http://dummyimage.com/193x221.bmp/5fa2dd/ffffff,Maroon,true,true,M
Diahann,7,Gisèle,,http://dummyimage.com/101x122.png/dddddd/000000,Fuscia,true,true,XS
Chrissie,10,Marylène,,http://dummyimage.com/145x193.bmp/cc0000/ffffff,Puce,false,false,3XL
Jinny,2,Réjane,,http://dummyimage.com/208x162.bmp/5fa2dd/ffffff,Puce,false,true,L
Jacquette,3,Yáo,,http://dummyimage.com/124x172.jpg/cc0000/ffffff,Goldenrod,true,true,2XL
Alexio,10,Thérèsa,,http://dummyimage.com/152x245.bmp/cc0000/ffffff,Blue,true,true,XS
Vina,9,Göran,,http://dummyimage.com/157x217.jpg/dddddd/000000,Crimson,false,true,S
Rianon,7,Aí,,http://dummyimage.com/223x211.bmp/dddddd/000000,Fuscia,false,true,2XL
Gert,7,Garçon,,http://dummyimage.com/142x222.png/ff4444/ffffff,Teal,true,true,S
Hastings,10,Aurélie,,http://dummyimage.com/170x135.bmp/5fa2dd/ffffff,Mauv,true,true,S
Ailina,2,Félicie,,http://dummyimage.com/164x156.bmp/cc0000/ffffff,Khaki,false,true,XS
Gus,7,Laïla,,http://dummyimage.com/143x201.jpg/ff4444/ffffff,Turquoise,false,true,2XL
Chevy,6,Yè,,http://dummyimage.com/111x157.png/5fa2dd/ffffff,Pink,true,false,XS
Sande,10,Kévina,,http://dummyimage.com/155x196.jpg/cc0000/ffffff,Red,false,true,2XL
Charmine,8,Marie-josée,,http://dummyimage.com/201x181.bmp/ff4444/ffffff,Mauv,true,false,L
Sauncho,9,Mahélie,,http://dummyimage.com/166x191.png/5fa2dd/ffffff,Khaki,false,true,L
Freddy,6,Adélie,,http://dummyimage.com/189x182.jpg/ff4444/ffffff,Aquamarine,true,true,S
Katherina,1,Loïc,,http://dummyimage.com/154x194.jpg/ff4444/ffffff,Orange,false,true,XL
Ricki,3,Célestine,,http://dummyimage.com/116x154.jpg/dddddd/000000,Purple,true,true,2XL
Karlotta,2,Véronique,,http://dummyimage.com/141x248.bmp/cc0000/ffffff,Violet,true,true,XS
Gianna,10,Noémie,,http://dummyimage.com/152x136.jpg/dddddd/000000,Mauv,false,true,XS
Jinny,1,Ráo,,http://dummyimage.com/187x218.png/5fa2dd/ffffff,Fuscia,true,false,2XL
Benjy,7,Desirée,,http://dummyimage.com/201x250.bmp/5fa2dd/ffffff,Turquoise,true,true,S
Monroe,4,Michèle,,http://dummyimage.com/198x142.bmp/cc0000/ffffff,Blue,true,true,2XL
Torry,8,Naéva,,http://dummyimage.com/115x183.png/ff4444/ffffff,Maroon,true,false,XL
Megen,1,Börje,,http://dummyimage.com/139x102.png/cc0000/ffffff,Blue,false,true,3XL
Valentina,3,Océane,,http://dummyimage.com/120x119.bmp/dddddd/000000,Orange,false,true,2XL
Merline,3,Aí,,http://dummyimage.com/198x135.jpg/ff4444/ffffff,Fuscia,false,false,S
Alford,10,Örjan,,http://dummyimage.com/203x158.bmp/dddddd/000000,Yellow,false,false,L
Bentlee,1,Desirée,,http://dummyimage.com/146x173.bmp/cc0000/ffffff,Indigo,true,false,XL
Jocelin,7,Daphnée,,http://dummyimage.com/235x226.bmp/dddddd/000000,Goldenrod,true,false,XS
Gaye,9,Solène,,http://dummyimage.com/248x171.jpg/ff4444/ffffff,Mauv,true,false,3XL
Danni,8,Salomé,,http://dummyimage.com/131x141.jpg/5fa2dd/ffffff,Indigo,true,true,XS
Marmaduke,10,Renée,,http://dummyimage.com/217x245.jpg/cc0000/ffffff,Pink,true,false,L
Maria,9,Mégane,,http://dummyimage.com/192x168.png/dddddd/000000,Violet,false,false,M
Patrizia,6,Séverine,,http://dummyimage.com/209x226.png/dddddd/000000,Khaki,false,false,2XL
Dougie,6,Clémence,,http://dummyimage.com/118x164.bmp/dddddd/000000,Goldenrod,true,false,M
Melisande,6,Illustrée,,http://dummyimage.com/250x160.png/5fa2dd/ffffff,Green,true,true,L
Danie,10,Hélène,,http://dummyimage.com/216x140.png/5fa2dd/ffffff,Puce,false,true,M
Adan,1,Anaëlle,,http://dummyimage.com/170x171.png/ff4444/ffffff,Yellow,false,true,2XL
Lynnea,10,Andréa,,http://dummyimage.com/106x137.bmp/ff4444/ffffff,Goldenrod,false,false,2XL
Diahann,8,Geneviève,,http://dummyimage.com/250x196.png/dddddd/000000,Yellow,false,true,S
Gennifer,7,Maïly,,http://dummyimage.com/176x243.bmp/ff4444/ffffff,Blue,false,false,XS
Turner,7,Märta,,http://dummyimage.com/215x124.png/dddddd/000000,Blue,false,false,3XL
Hervey,4,Angèle,,http://dummyimage.com/184x119.png/5fa2dd/ffffff,Indigo,true,false,M
Kelli,4,Lorène,,http://dummyimage.com/108x156.png/ff4444/ffffff,Maroon,true,true,3XL
Jacenta,7,Laïla,,http://dummyimage.com/116x183.jpg/cc0000/ffffff,Aquamarine,true,false,3XL
Neila,9,Andréanne,,http://dummyimage.com/197x102.png/dddddd/000000,Purple,false,false,M
Jodie,7,Salomé,,http://dummyimage.com/229x216.jpg/5fa2dd/ffffff,Puce,false,true,XS
Merry,10,Annotés,,http://dummyimage.com/169x201.png/ff4444/ffffff,Aquamarine,false,false,3XL
Doug,1,Amélie,,http://dummyimage.com/191x181.jpg/dddddd/000000,Goldenrod,true,false,XL
Ertha,1,Uò,,http://dummyimage.com/225x113.png/ff4444/ffffff,Green,true,false,S
Bastian,9,Irène,,http://dummyimage.com/162x126.jpg/5fa2dd/ffffff,Yellow,true,true,L
Wilek,8,Dafnée,,http://dummyimage.com/205x229.png/cc0000/ffffff,Teal,false,true,L
Alan,5,Lóng,,http://dummyimage.com/146x165.png/5fa2dd/ffffff,Puce,true,false,M
Olwen,7,Aimée,,http://dummyimage.com/242x147.jpg/ff4444/ffffff,Fuscia,false,false,3XL
Raynard,5,Bérengère,,http://dummyimage.com/177x159.png/dddddd/000000,Indigo,false,true,2XL
Beverlie,9,Alizée,,http://dummyimage.com/241x227.jpg/dddddd/000000,Turquoise,false,true,XS
Kain,7,Maëlys,,http://dummyimage.com/222x221.png/dddddd/000000,Aquamarine,true,true,2XL
Gustavo,6,Noëlla,,http://dummyimage.com/229x154.bmp/dddddd/000000,Blue,false,true,L
Camilla,7,Néhémie,,http://dummyimage.com/192x108.png/cc0000/ffffff,Goldenrod,false,true,L
Maude,3,Léandre,,http://dummyimage.com/245x165.jpg/ff4444/ffffff,Orange,false,true,S
Honor,6,Mylène,,http://dummyimage.com/146x161.png/cc0000/ffffff,Yellow,true,true,M
Raf,2,Bérangère,,http://dummyimage.com/164x180.jpg/5fa2dd/ffffff,Blue,true,true,S
Cindelyn,8,Eléonore,,http://dummyimage.com/196x195.png/ff4444/ffffff,Khaki,true,false,M
Genvieve,7,Simplifiés,,http://dummyimage.com/117x223.jpg/cc0000/ffffff,Pink,false,false,3XL
Torrence,6,Fèi,,http://dummyimage.com/227x167.jpg/dddddd/000000,Aquamarine,false,true,3XL
Brandea,1,Adèle,,http://dummyimage.com/219x198.bmp/5fa2dd/ffffff,Pink,true,true,L
Martha,8,Irène,,http://dummyimage.com/129x155.jpg/5fa2dd/ffffff,Indigo,false,false,L
Tracey,1,Félicie,,http://dummyimage.com/242x194.png/5fa2dd/ffffff,Red,true,false,M
Jeanette,6,Félicie,,http://dummyimage.com/151x141.bmp/cc0000/ffffff,Goldenrod,false,true,L
Dorolisa,7,Eugénie,,http://dummyimage.com/165x126.jpg/ff4444/ffffff,Goldenrod,false,true,2XL
Tera,9,Stévina,,http://dummyimage.com/216x210.bmp/cc0000/ffffff,Teal,false,false,L
Shell,8,Maéna,,http://dummyimage.com/119x150.png/dddddd/000000,Khaki,true,false,XS
Dal,4,Océanne,,http://dummyimage.com/144x220.jpg/ff4444/ffffff,Indigo,false,false,L
Norah,3,Torbjörn,,http://dummyimage.com/192x134.png/5fa2dd/ffffff,Goldenrod,false,true,2XL
Clem,5,Maëlle,,http://dummyimage.com/138x208.png/5fa2dd/ffffff,Pink,false,false,L
Patricia,5,Méryl,,http://dummyimage.com/160x186.jpg/cc0000/ffffff,Goldenrod,false,true,XL
Barby,4,Sòng,,http://dummyimage.com/220x150.bmp/cc0000/ffffff,Orange,false,false,L
Geoffry,7,Stéphanie,,http://dummyimage.com/220x226.bmp/5fa2dd/ffffff,Crimson,false,true,2XL
Ibbie,2,Måns,,http://dummyimage.com/244x152.jpg/dddddd/000000,Orange,false,true,3XL
Neddy,3,Maïlis,,http://dummyimage.com/155x234.bmp/5fa2dd/ffffff,Blue,false,false,L
Mauricio,5,Léa,,http://dummyimage.com/127x212.png/cc0000/ffffff,Aquamarine,true,false,3XL
Jsandye,8,Gisèle,,http://dummyimage.com/225x154.png/5fa2dd/ffffff,Orange,false,true,L
Orelia,6,Andréanne,,http://dummyimage.com/174x200.bmp/dddddd/000000,Goldenrod,true,true,M
Kacey,7,Andrée,,http://dummyimage.com/154x234.png/5fa2dd/ffffff,Red,true,true,XL
Aubrie,3,Gaëlle,,http://dummyimage.com/102x156.png/5fa2dd/ffffff,Mauv,true,false,S
Dominique,3,Eléonore,,http://dummyimage.com/192x197.bmp/ff4444/ffffff,Red,true,false,S
Emelda,8,Pénélope,,http://dummyimage.com/156x167.jpg/5fa2dd/ffffff,Khaki,false,true,2XL
Gabby,3,Aloïs,,http://dummyimage.com/151x141.jpg/ff4444/ffffff,Blue,false,false,L
Sally,1,Cécilia,,http://dummyimage.com/125x185.jpg/cc0000/ffffff,Turquoise,false,false,3XL
Nate,1,Léa,,http://dummyimage.com/167x113.jpg/5fa2dd/ffffff,Red,true,true,XS
Bob,9,Aloïs,,http://dummyimage.com/216x181.bmp/cc0000/ffffff,Purple,false,true,M
Angela,6,Cléopatre,,http://dummyimage.com/220x117.bmp/5fa2dd/ffffff,Red,false,true,M
Amelia,8,Yénora,,http://dummyimage.com/148x133.png/dddddd/000000,Maroon,false,true,2XL
Augustin,9,Ophélie,,http://dummyimage.com/141x244.png/5fa2dd/ffffff,Maroon,true,true,S
Augustin,10,Audréanne,,http://dummyimage.com/161x136.bmp/dddddd/000000,Fuscia,true,true,L
Antonio,9,Örjan,,http://dummyimage.com/235x104.jpg/ff4444/ffffff,Green,true,true,S
Jone,8,Léana,,http://dummyimage.com/152x144.png/cc0000/ffffff,Yellow,false,false,M
Greer,9,Lucrèce,,http://dummyimage.com/151x171.bmp/dddddd/000000,Green,true,true,L
Sandro,8,Gaétane,,http://dummyimage.com/249x173.jpg/5fa2dd/ffffff,Pink,true,false,XS
Odette,1,Fèi,,http://dummyimage.com/148x220.png/cc0000/ffffff,Purple,false,false,2XL
Olivero,9,Geneviève,,http://dummyimage.com/205x159.bmp/5fa2dd/ffffff,Maroon,false,true,XS
Vanni,8,Marie-josée,,http://dummyimage.com/122x216.jpg/cc0000/ffffff,Violet,false,true,L
Jessie,10,Anaël,,http://dummyimage.com/170x119.bmp/5fa2dd/ffffff,Fuscia,true,false,L
Hermy,10,Åke,,http://dummyimage.com/154x240.png/5fa2dd/ffffff,Purple,false,false,M
Sanderson,1,Torbjörn,,http://dummyimage.com/122x211.bmp/dddddd/000000,Mauv,true,true,3XL
Angela,4,Maëlys,,http://dummyimage.com/182x204.jpg/5fa2dd/ffffff,Yellow,false,true,L
Rena,1,Naéva,,http://dummyimage.com/179x188.bmp/dddddd/000000,Mauv,false,false,2XL
Rosalynd,4,Maïwenn,,http://dummyimage.com/228x139.bmp/5fa2dd/ffffff,Yellow,false,false,3XL
Gan,4,Anaël,,http://dummyimage.com/108x249.bmp/cc0000/ffffff,Yellow,false,true,XS
Terry,1,Åsa,,http://dummyimage.com/131x122.jpg/ff4444/ffffff,Turquoise,true,false,M
Willy,10,Vérane,,http://dummyimage.com/197x229.bmp/dddddd/000000,Khaki,true,false,M
Aleta,9,Méghane,,http://dummyimage.com/126x157.png/dddddd/000000,Crimson,true,false,S
Neville,7,Bérénice,,http://dummyimage.com/102x102.bmp/5fa2dd/ffffff,Goldenrod,false,true,3XL
Ronnie,2,Mélia,,http://dummyimage.com/143x159.bmp/dddddd/000000,Green,false,true,XS
Fredericka,6,Wá,,http://dummyimage.com/169x136.png/cc0000/ffffff,Aquamarine,false,true,3XL
Brendis,5,Personnalisée,,http://dummyimage.com/158x250.png/cc0000/ffffff,Teal,true,false,XS
Mayer,2,Andréa,,http://dummyimage.com/169x132.bmp/cc0000/ffffff,Mauv,false,false,2XL
Waylin,5,Aloïs,,http://dummyimage.com/246x196.jpg/5fa2dd/ffffff,Violet,true,false,2XL
Jayne,7,Erwéi,,http://dummyimage.com/230x228.png/cc0000/ffffff,Blue,true,true,L
Sharlene,1,Rachèle,,http://dummyimage.com/146x138.png/5fa2dd/ffffff,Puce,true,false,2XL
Millie,1,Lauréna,,http://dummyimage.com/220x164.bmp/cc0000/ffffff,Turquoise,true,true,3XL
Elfrida,9,Bérénice,,http://dummyimage.com/228x165.bmp/5fa2dd/ffffff,Turquoise,true,false,XS
Nissa,8,Mélanie,,http://dummyimage.com/122x230.jpg/5fa2dd/ffffff,Turquoise,false,true,XS
Barbee,10,Gaëlle,,http://dummyimage.com/163x234.jpg/5fa2dd/ffffff,Blue,true,true,2XL
Gwenny,9,Faîtes,,http://dummyimage.com/150x196.jpg/ff4444/ffffff,Puce,true,true,XL
Mahmud,10,Agnès,,http://dummyimage.com/206x245.png/cc0000/ffffff,Indigo,false,true,2XL
Netti,1,Méghane,,http://dummyimage.com/142x208.jpg/cc0000/ffffff,Aquamarine,false,true,2XL
Lavinia,7,Bénédicte,,http://dummyimage.com/220x126.jpg/dddddd/000000,Teal,true,false,S
Jaquenette,5,Wá,,http://dummyimage.com/130x166.png/5fa2dd/ffffff,Red,true,true,XS
Flss,10,Maëlle,,http://dummyimage.com/175x245.jpg/dddddd/000000,Indigo,false,true,3XL
Natasha,8,Gaétane,,http://dummyimage.com/218x249.bmp/cc0000/ffffff,Goldenrod,true,false,2XL
Lorri,1,Garçon,,http://dummyimage.com/115x250.png/dddddd/000000,Khaki,false,true,S
Moll,7,Célia,,http://dummyimage.com/244x115.jpg/dddddd/000000,Mauv,true,false,2XL
Nehemiah,10,Maëlla,,http://dummyimage.com/169x190.png/5fa2dd/ffffff,Maroon,true,false,2XL
Reinwald,10,Réjane,,http://dummyimage.com/147x140.jpg/5fa2dd/ffffff,Mauv,true,false,S
Kamillah,3,Médiamass,,http://dummyimage.com/147x165.png/5fa2dd/ffffff,Red,false,false,XS
Sandy,8,Esbjörn,,http://dummyimage.com/146x142.png/5fa2dd/ffffff,Maroon,true,true,XL
Krissie,6,Gwenaëlle,,http://dummyimage.com/194x192.jpg/cc0000/ffffff,Teal,false,true,XL
Calhoun,5,Edmée,,http://dummyimage.com/159x203.jpg/ff4444/ffffff,Green,false,false,2XL
Guillemette,3,Mélodie,,http://dummyimage.com/238x156.bmp/ff4444/ffffff,Maroon,false,false,M
Sherlocke,8,Åsa,,http://dummyimage.com/189x133.bmp/dddddd/000000,Aquamarine,true,false,S
Jaymie,5,André,,http://dummyimage.com/114x176.bmp/dddddd/000000,Goldenrod,true,false,XL
Ethelyn,2,Bérangère,,http://dummyimage.com/215x143.png/5fa2dd/ffffff,Violet,false,true,M
Wallace,7,Josée,,http://dummyimage.com/116x237.png/5fa2dd/ffffff,Blue,false,true,XS
Yalonda,2,Françoise,,http://dummyimage.com/168x166.png/5fa2dd/ffffff,Red,false,true,2XL
Samuel,7,Publicité,,http://dummyimage.com/148x157.png/5fa2dd/ffffff,Orange,false,false,L
Chickie,2,Thérèsa,,http://dummyimage.com/202x101.png/cc0000/ffffff,Puce,true,true,3XL
Gabriell,5,Aloïs,,http://dummyimage.com/234x208.png/dddddd/000000,Turquoise,true,false,S
Brynna,6,Ophélie,,http://dummyimage.com/239x203.jpg/dddddd/000000,Indigo,true,true,S
Orton,2,Yú,,http://dummyimage.com/168x110.bmp/cc0000/ffffff,Aquamarine,true,false,2XL
Audrye,5,Mégane,,http://dummyimage.com/187x232.jpg/ff4444/ffffff,Yellow,true,true,XS
Sosanna,1,Séréna,,http://dummyimage.com/222x227.png/cc0000/ffffff,Maroon,false,false,XS
Waylen,9,Léana,,http://dummyimage.com/193x160.png/ff4444/ffffff,Aquamarine,false,false,L
Leopold,8,Yóu,,http://dummyimage.com/176x233.png/cc0000/ffffff,Violet,false,true,XL
Sheela,3,Lóng,,http://dummyimage.com/210x177.bmp/dddddd/000000,Yellow,false,true,3XL
Gerrie,1,Léana,,http://dummyimage.com/208x122.png/5fa2dd/ffffff,Violet,false,true,L
Karalynn,7,Fèi,,http://dummyimage.com/188x244.bmp/dddddd/000000,Indigo,true,true,M
Grier,3,Mahélie,,http://dummyimage.com/195x123.jpg/5fa2dd/ffffff,Fuscia,false,false,S
Reynard,4,Geneviève,,http://dummyimage.com/108x163.png/dddddd/000000,Fuscia,false,true,M
Phillipp,1,Anaël,,http://dummyimage.com/122x185.png/5fa2dd/ffffff,Crimson,false,true,2XL
Julianne,2,Lorène,,http://dummyimage.com/211x207.bmp/dddddd/000000,Mauv,true,true,M
Ricoriki,3,Illustrée,,http://dummyimage.com/186x200.jpg/5fa2dd/ffffff,Green,true,true,L
Deedee,2,Liè,,http://dummyimage.com/128x123.bmp/cc0000/ffffff,Maroon,true,false,M
Ambrose,5,Cunégonde,,http://dummyimage.com/218x249.jpg/ff4444/ffffff,Teal,false,false,L
Saleem,2,Marie-ève,,http://dummyimage.com/142x171.bmp/cc0000/ffffff,Purple,false,true,L
Giffer,10,Françoise,,http://dummyimage.com/147x194.png/ff4444/ffffff,Yellow,false,true,3XL
Ravi,4,Aí,,http://dummyimage.com/104x128.bmp/dddddd/000000,Orange,false,true,XS
Fenelia,8,Lyséa,,http://dummyimage.com/197x223.jpg/5fa2dd/ffffff,Yellow,true,true,XS
Teriann,7,Mélissandre,,http://dummyimage.com/189x236.png/5fa2dd/ffffff,Puce,false,true,2XL
Gaylene,9,Mylène,,http://dummyimage.com/151x104.png/cc0000/ffffff,Teal,true,true,M
Michele,8,Marie-ève,,http://dummyimage.com/175x152.jpg/dddddd/000000,Violet,true,true,3XL
Trisha,10,Åke,,http://dummyimage.com/195x215.png/cc0000/ffffff,Blue,true,true,XL
Cob,4,Méghane,,http://dummyimage.com/175x224.bmp/ff4444/ffffff,Mauv,false,true,M
Mose,1,Chloé,,http://dummyimage.com/176x235.jpg/5fa2dd/ffffff,Fuscia,false,true,M
Lani,10,Léonie,,http://dummyimage.com/123x186.jpg/dddddd/000000,Blue,false,false,XS
Dora,6,Adélie,,http://dummyimage.com/245x197.bmp/ff4444/ffffff,Green,false,false,2XL
Cesar,2,Maëly,,http://dummyimage.com/145x134.bmp/ff4444/ffffff,Teal,true,false,L
Donia,2,Joséphine,,http://dummyimage.com/129x194.jpg/cc0000/ffffff,Mauv,true,false,XS
Thurstan,9,Ophélie,,http://dummyimage.com/180x245.bmp/dddddd/000000,Crimson,false,true,M
Dane,9,Mélys,,http://dummyimage.com/155x230.bmp/cc0000/ffffff,Orange,true,false,L
Gay,1,Audréanne,,http://dummyimage.com/221x177.jpg/5fa2dd/ffffff,Teal,false,false,3XL
Barrie,4,Maïlis,,http://dummyimage.com/148x237.bmp/5fa2dd/ffffff,Crimson,false,true,3XL
Yehudit,8,Méghane,,http://dummyimage.com/130x238.bmp/dddddd/000000,Khaki,true,false,L
Marissa,7,Östen,,http://dummyimage.com/114x184.jpg/dddddd/000000,Indigo,false,false,M
Lilia,10,Eliès,,http://dummyimage.com/169x108.png/ff4444/ffffff,Violet,false,true,2XL
Roseanne,4,Joséphine,,http://dummyimage.com/154x213.jpg/cc0000/ffffff,Turquoise,true,true,XL
Christye,1,Renée,,http://dummyimage.com/234x250.bmp/cc0000/ffffff,Teal,true,true,XL
Gabrila,3,Eugénie,,http://dummyimage.com/143x217.bmp/ff4444/ffffff,Orange,true,false,3XL
Calhoun,9,Mélodie,,http://dummyimage.com/228x216.jpg/ff4444/ffffff,Crimson,true,false,S
Kessia,7,Personnalisée,,http://dummyimage.com/163x162.png/5fa2dd/ffffff,Yellow,false,false,M
Sadye,9,Mégane,,http://dummyimage.com/203x181.jpg/dddddd/000000,Purple,false,false,3XL
Berton,7,Mén,,http://dummyimage.com/202x232.png/ff4444/ffffff,Turquoise,false,false,L
Danit,2,Vénus,,http://dummyimage.com/239x142.jpg/ff4444/ffffff,Goldenrod,false,false,2XL
Rogers,5,Andréanne,,http://dummyimage.com/127x194.jpg/dddddd/000000,Fuscia,false,true,3XL
Deonne,8,Esbjörn,,http://dummyimage.com/230x191.png/ff4444/ffffff,Mauv,false,true,M
Paton,2,Bécassine,,http://dummyimage.com/207x117.png/dddddd/000000,Pink,true,false,XL
Corinne,8,Méryl,,http://dummyimage.com/235x190.bmp/ff4444/ffffff,Violet,true,true,XL
Alisander,8,Maïlis,,http://dummyimage.com/102x193.png/cc0000/ffffff,Blue,true,false,XS
Isabel,1,Maéna,,http://dummyimage.com/182x158.png/5fa2dd/ffffff,Purple,true,false,3XL
Krissy,1,Agnès,,http://dummyimage.com/102x136.bmp/dddddd/000000,Indigo,true,true,XL
Riordan,4,Jú,,http://dummyimage.com/149x112.jpg/5fa2dd/ffffff,Khaki,false,true,M
Kora,4,Simplifiés,,http://dummyimage.com/158x135.jpg/ff4444/ffffff,Aquamarine,false,false,M
Bill,7,Cléa,,http://dummyimage.com/139x135.jpg/dddddd/000000,Aquamarine,false,false,XS
Caty,3,Léana,,http://dummyimage.com/112x164.png/cc0000/ffffff,Red,true,true,2XL
Binnie,1,Réservés,,http://dummyimage.com/192x230.jpg/dddddd/000000,Aquamarine,true,false,XS
Loydie,5,Styrbjörn,,http://dummyimage.com/176x184.jpg/5fa2dd/ffffff,Orange,true,false,3XL
Marisa,10,Laurélie,,http://dummyimage.com/244x224.jpg/cc0000/ffffff,Goldenrod,false,false,L
Laurene,2,Audréanne,,http://dummyimage.com/149x129.jpg/cc0000/ffffff,Orange,false,true,XS
Dwight,4,Stéphanie,,http://dummyimage.com/163x150.bmp/5fa2dd/ffffff,Mauv,true,true,S
Violet,8,Håkan,,http://dummyimage.com/193x178.jpg/5fa2dd/ffffff,Teal,true,false,2XL
Enrica,10,Illustrée,,http://dummyimage.com/166x138.jpg/cc0000/ffffff,Violet,true,false,3XL
Thadeus,1,Océanne,,http://dummyimage.com/132x117.bmp/dddddd/000000,Turquoise,false,true,XS
Jamie,8,Görel,,http://dummyimage.com/150x223.jpg/ff4444/ffffff,Maroon,false,true,L
Jimmie,5,Mélina,,http://dummyimage.com/195x144.bmp/cc0000/ffffff,Violet,false,true,2XL
Ninnette,10,Gaëlle,,http://dummyimage.com/132x151.png/ff4444/ffffff,Purple,true,true,S
Faustine,10,Mélina,,http://dummyimage.com/213x171.png/cc0000/ffffff,Red,false,false,XL
Wallis,9,Inès,,http://dummyimage.com/216x107.png/ff4444/ffffff,Yellow,false,true,XS
Arlinda,8,Lèi,,http://dummyimage.com/109x215.png/5fa2dd/ffffff,Green,false,true,M
Hal,2,Cléopatre,,http://dummyimage.com/193x134.bmp/cc0000/ffffff,Pink,true,false,M
Horatius,7,Marie-hélène,,http://dummyimage.com/150x106.jpg/cc0000/ffffff,Aquamarine,false,false,XS
Darell,10,Angélique,,http://dummyimage.com/154x180.jpg/cc0000/ffffff,Fuscia,true,false,3XL
Merle,2,Sélène,,http://dummyimage.com/216x115.png/5fa2dd/ffffff,Teal,true,false,3XL
Louisa,4,Mélodie,,http://dummyimage.com/183x228.jpg/ff4444/ffffff,Orange,true,false,2XL
Corie,4,Béatrice,,http://dummyimage.com/189x111.jpg/ff4444/ffffff,Goldenrod,true,false,S
Rinaldo,5,Åslög,,http://dummyimage.com/129x109.png/cc0000/ffffff,Aquamarine,false,true,L
Amanda,6,Chloé,,http://dummyimage.com/243x172.bmp/dddddd/000000,Teal,false,false,XS
Ferdie,9,Maëly,,http://dummyimage.com/197x106.png/5fa2dd/ffffff,Goldenrod,false,false,2XL
Barry,9,Gérald,,http://dummyimage.com/114x223.png/cc0000/ffffff,Teal,false,false,XL
Collen,9,Cinéma,,http://dummyimage.com/138x154.png/dddddd/000000,Blue,true,false,M
Elsinore,5,Dorothée,,http://dummyimage.com/124x135.jpg/dddddd/000000,Crimson,true,true,L
Julienne,7,Mélodie,,http://dummyimage.com/188x118.png/cc0000/ffffff,Orange,true,true,3XL
Wildon,10,Mélinda,,http://dummyimage.com/234x212.png/ff4444/ffffff,Indigo,false,false,2XL
Minda,5,Pò,,http://dummyimage.com/103x226.png/ff4444/ffffff,Green,true,false,XL
Brianna,8,Léandre,,http://dummyimage.com/179x106.bmp/ff4444/ffffff,Purple,false,true,M
Veronique,4,Océanne,,http://dummyimage.com/155x170.jpg/ff4444/ffffff,Maroon,true,true,S
Hilliary,4,Méng,,http://dummyimage.com/197x159.bmp/5fa2dd/ffffff,Fuscia,true,false,2XL
Saudra,8,Aimée,,http://dummyimage.com/157x160.png/cc0000/ffffff,Yellow,true,true,M
Sofie,1,Inès,,http://dummyimage.com/130x234.bmp/5fa2dd/ffffff,Crimson,false,false,M
Tarrance,2,Laurène,,http://dummyimage.com/238x244.bmp/ff4444/ffffff,Orange,true,true,XL
Shana,6,Eléa,,http://dummyimage.com/225x109.bmp/ff4444/ffffff,Mauv,true,true,2XL
Philippa,2,Angèle,,http://dummyimage.com/176x224.jpg/cc0000/ffffff,Mauv,false,false,XS
Sidoney,5,Åke,,http://dummyimage.com/132x244.png/dddddd/000000,Mauv,true,false,L
Georgy,4,Régine,,http://dummyimage.com/164x217.png/dddddd/000000,Khaki,false,false,XL
Cate,8,Irène,,http://dummyimage.com/243x187.png/cc0000/ffffff,Orange,true,false,XL
Codie,4,Jú,,http://dummyimage.com/141x143.bmp/cc0000/ffffff,Puce,true,true,3XL
Kaleena,10,Naéva,,http://dummyimage.com/222x164.png/ff4444/ffffff,Yellow,true,false,L
Sam,9,Josée,,http://dummyimage.com/128x134.jpg/dddddd/000000,Violet,false,false,3XL
Gretal,8,Géraldine,,http://dummyimage.com/113x132.bmp/5fa2dd/ffffff,Crimson,true,false,M
Kitti,5,Marie-hélène,,http://dummyimage.com/111x140.png/5fa2dd/ffffff,Khaki,false,true,XL
Eddie,5,Pò,,http://dummyimage.com/117x228.png/ff4444/ffffff,Fuscia,true,true,XS
Dolley,5,Publicité,,http://dummyimage.com/237x243.png/cc0000/ffffff,Yellow,true,true,S
Hally,2,Laurélie,,http://dummyimage.com/173x146.png/cc0000/ffffff,Fuscia,true,true,XL
Glory,1,Bérénice,,http://dummyimage.com/135x248.jpg/cc0000/ffffff,Purple,true,true,3XL
Emmit,8,Loïc,,http://dummyimage.com/128x217.bmp/dddddd/000000,Goldenrod,false,false,XL
Sheila-kathryn,5,Renée,,http://dummyimage.com/198x198.jpg/ff4444/ffffff,Maroon,false,true,M
Nikoletta,4,Léonore,,http://dummyimage.com/120x231.bmp/cc0000/ffffff,Yellow,true,false,M
Avie,5,Rébecca,,http://dummyimage.com/157x210.jpg/cc0000/ffffff,Orange,true,true,XS
Garrik,3,Eliès,,http://dummyimage.com/239x226.jpg/ff4444/ffffff,Goldenrod,true,false,M
Karol,1,Marie-noël,,http://dummyimage.com/151x146.png/ff4444/ffffff,Goldenrod,true,true,L
Tristam,7,Aimée,,http://dummyimage.com/238x117.jpg/ff4444/ffffff,Fuscia,true,true,3XL
Irma,3,Anaëlle,,http://dummyimage.com/199x123.jpg/5fa2dd/ffffff,Violet,true,false,3XL
Brendin,2,Anaëlle,,http://dummyimage.com/207x226.png/ff4444/ffffff,Pink,false,false,L
Genvieve,7,Maïté,,http://dummyimage.com/122x238.jpg/cc0000/ffffff,Pink,true,false,L
Kayle,2,Léa,,http://dummyimage.com/151x123.bmp/5fa2dd/ffffff,Yellow,true,false,2XL
Aleta,4,Chloé,,http://dummyimage.com/195x195.bmp/5fa2dd/ffffff,Yellow,true,false,XS
Pavlov,1,Bécassine,,http://dummyimage.com/189x135.jpg/cc0000/ffffff,Mauv,false,false,3XL
Pate,4,Personnalisée,,http://dummyimage.com/146x224.png/ff4444/ffffff,Fuscia,false,false,S
Jordana,1,Styrbjörn,,http://dummyimage.com/233x220.bmp/dddddd/000000,Mauv,false,true,XS
Lennie,2,Méghane,,http://dummyimage.com/183x162.png/5fa2dd/ffffff,Pink,false,false,2XL
Carol-jean,7,Personnalisée,,http://dummyimage.com/189x124.jpg/dddddd/000000,Maroon,true,true,3XL
Adi,2,Mélia,,http://dummyimage.com/176x124.bmp/ff4444/ffffff,Goldenrod,false,false,XS
Baudoin,1,Lyséa,,http://dummyimage.com/158x166.jpg/dddddd/000000,Aquamarine,true,true,3XL
Bradford,4,Publicité,,http://dummyimage.com/199x193.bmp/5fa2dd/ffffff,Fuscia,true,false,2XL
Diannne,7,Zoé,,http://dummyimage.com/172x172.png/5fa2dd/ffffff,Turquoise,false,true,XL
Waverley,9,Angèle,,http://dummyimage.com/219x216.bmp/5fa2dd/ffffff,Goldenrod,false,false,L
Dietrich,2,Mårten,,http://dummyimage.com/150x116.png/dddddd/000000,Puce,false,true,3XL
Avrom,5,Léandre,,http://dummyimage.com/201x201.bmp/ff4444/ffffff,Green,true,false,S
Kareem,2,Clémentine,,http://dummyimage.com/176x146.jpg/dddddd/000000,Mauv,true,true,2XL
Gallagher,3,Mélia,,http://dummyimage.com/192x133.jpg/cc0000/ffffff,Purple,true,true,L
Kamillah,9,Illustrée,,http://dummyimage.com/235x135.jpg/5fa2dd/ffffff,Purple,false,true,2XL
Tresa,10,Pål,,http://dummyimage.com/116x104.png/dddddd/000000,Red,true,true,M
Betsey,7,Renée,,http://dummyimage.com/194x219.bmp/dddddd/000000,Puce,true,true,2XL
Rodolph,3,Rachèle,,http://dummyimage.com/245x173.bmp/dddddd/000000,Crimson,false,false,XL
Lisette,3,Noémie,,http://dummyimage.com/192x240.png/cc0000/ffffff,Orange,true,false,L
Shir,3,Gwenaëlle,,http://dummyimage.com/150x145.jpg/dddddd/000000,Puce,false,false,XL
Blinnie,1,Bénédicte,,http://dummyimage.com/199x217.png/cc0000/ffffff,Aquamarine,true,true,2XL
Wallis,8,Fèi,,http://dummyimage.com/193x124.png/dddddd/000000,Green,false,false,3XL
Marcelline,4,Börje,,http://dummyimage.com/229x202.png/5fa2dd/ffffff,Turquoise,false,true,M
Althea,3,Joséphine,,http://dummyimage.com/160x228.bmp/dddddd/000000,Pink,true,false,XL
Amil,4,Athéna,,http://dummyimage.com/223x142.png/5fa2dd/ffffff,Green,true,false,3XL
Yoshiko,8,Örjan,,http://dummyimage.com/178x133.png/dddddd/000000,Purple,false,true,2XL
Abigail,4,Andréa,,http://dummyimage.com/140x133.bmp/5fa2dd/ffffff,Goldenrod,true,false,2XL
Allison,7,Anaël,,http://dummyimage.com/154x150.jpg/ff4444/ffffff,Puce,false,false,3XL
Bonny,8,Kuí,,http://dummyimage.com/144x178.bmp/dddddd/000000,Puce,true,false,M
Allix,1,Yóu,,http://dummyimage.com/238x130.bmp/dddddd/000000,Red,true,true,XS
Augusto,5,Maëline,,http://dummyimage.com/216x210.png/5fa2dd/ffffff,Violet,true,false,3XL
Dana,8,Michèle,,http://dummyimage.com/203x233.bmp/cc0000/ffffff,Orange,false,true,XS
Neil,9,Tú,,http://dummyimage.com/249x241.jpg/ff4444/ffffff,Mauv,true,false,M
Vilma,4,Yóu,,http://dummyimage.com/208x156.png/ff4444/ffffff,Indigo,true,true,XL
Ynez,10,Inès,,http://dummyimage.com/150x242.png/cc0000/ffffff,Pink,false,true,S
Coriss,5,Lèi,,http://dummyimage.com/212x111.jpg/ff4444/ffffff,Turquoise,false,false,XL
Marchall,3,Yóu,,http://dummyimage.com/103x244.bmp/cc0000/ffffff,Green,true,true,2XL
Clim,10,Pål,,http://dummyimage.com/134x227.jpg/5fa2dd/ffffff,Aquamarine,false,false,2XL
Holli,4,Léonore,,http://dummyimage.com/126x145.png/cc0000/ffffff,Teal,false,true,XL
Janka,2,Thérèse,,http://dummyimage.com/243x149.jpg/cc0000/ffffff,Blue,true,true,3XL
Tami,2,Maïwenn,,http://dummyimage.com/158x243.png/cc0000/ffffff,Crimson,false,false,S
Reinhold,1,Vénus,,http://dummyimage.com/205x125.bmp/dddddd/000000,Puce,true,true,2XL
Erina,5,Uò,,http://dummyimage.com/137x250.jpg/ff4444/ffffff,Goldenrod,true,false,3XL
Kerry,7,Régine,,http://dummyimage.com/226x155.bmp/dddddd/000000,Pink,false,true,2XL
Cristiano,3,Françoise,,http://dummyimage.com/145x138.png/ff4444/ffffff,Indigo,true,false,L
Claudian,8,Bérengère,,http://dummyimage.com/123x198.bmp/dddddd/000000,Goldenrod,true,false,2XL
Mattias,2,Mélodie,,http://dummyimage.com/239x218.png/5fa2dd/ffffff,Indigo,true,true,2XL
Faulkner,2,Maïwenn,,http://dummyimage.com/167x109.bmp/dddddd/000000,Khaki,true,true,2XL
Irving,10,Ophélie,,http://dummyimage.com/193x115.jpg/cc0000/ffffff,Puce,true,true,XS
Noble,8,Nuó,,http://dummyimage.com/189x122.png/5fa2dd/ffffff,Aquamarine,true,false,3XL
Brennen,2,Dà,,http://dummyimage.com/119x207.jpg/ff4444/ffffff,Purple,false,true,XL
Staffard,4,Daphnée,,http://dummyimage.com/191x168.bmp/cc0000/ffffff,Mauv,true,true,XS
Maxie,4,Lyséa,,http://dummyimage.com/151x156.jpg/ff4444/ffffff,Indigo,true,true,2XL
Northrop,4,Rébecca,,http://dummyimage.com/243x222.bmp/dddddd/000000,Maroon,false,true,2XL
Sarina,4,Wá,,http://dummyimage.com/248x170.jpg/dddddd/000000,Red,true,false,XL
Vinny,4,Adélaïde,,http://dummyimage.com/130x139.bmp/5fa2dd/ffffff,Teal,false,true,XL
Dion,2,Liè,,http://dummyimage.com/101x122.png/5fa2dd/ffffff,Aquamarine,true,false,XL
Jenna,6,Maïlis,,http://dummyimage.com/170x154.png/ff4444/ffffff,Purple,false,true,3XL
Somerset,9,Maëlle,,http://dummyimage.com/134x245.jpg/cc0000/ffffff,Mauv,false,true,XS
Ranee,1,Yáo,,http://dummyimage.com/106x167.jpg/cc0000/ffffff,Red,true,false,XS
Ade,4,Mélanie,,http://dummyimage.com/131x187.bmp/cc0000/ffffff,Mauv,false,false,3XL
Mose,1,Geneviève,,http://dummyimage.com/173x224.bmp/5fa2dd/ffffff,Orange,true,false,S
Zea,9,Andréa,,http://dummyimage.com/138x203.png/dddddd/000000,Purple,true,true,L
Herold,8,Aloïs,,http://dummyimage.com/212x168.png/5fa2dd/ffffff,Crimson,false,false,XL
Rahel,3,Audréanne,,http://dummyimage.com/239x171.jpg/cc0000/ffffff,Purple,false,false,XS
Eberhard,8,Maïté,,http://dummyimage.com/222x208.jpg/5fa2dd/ffffff,Red,true,true,3XL
Lily,5,Adélaïde,,http://dummyimage.com/184x165.jpg/5fa2dd/ffffff,Aquamarine,true,false,S
Killian,9,Nadège,,http://dummyimage.com/108x177.bmp/ff4444/ffffff,Orange,false,true,XS
Susi,2,Esbjörn,,http://dummyimage.com/134x123.png/cc0000/ffffff,Crimson,false,false,3XL
Benjy,1,Stéphanie,,http://dummyimage.com/232x200.bmp/5fa2dd/ffffff,Mauv,false,false,3XL
Constanta,8,Faîtes,,http://dummyimage.com/200x105.png/dddddd/000000,Yellow,true,false,L
Claudian,3,Françoise,,http://dummyimage.com/197x174.jpg/dddddd/000000,Red,true,true,S
Leroy,10,Cloé,,http://dummyimage.com/189x103.bmp/5fa2dd/ffffff,Puce,true,true,3XL
Hurleigh,1,Illustrée,,http://dummyimage.com/130x129.jpg/ff4444/ffffff,Goldenrod,true,true,3XL
Kirstin,8,Mélina,,http://dummyimage.com/221x100.jpg/ff4444/ffffff,Teal,true,true,L
Farlie,3,Zoé,,http://dummyimage.com/170x189.jpg/dddddd/000000,Violet,true,false,L
Hilary,6,Tán,,http://dummyimage.com/224x134.png/5fa2dd/ffffff,Maroon,true,true,3XL
Al,4,Agnès,,http://dummyimage.com/186x102.png/ff4444/ffffff,Goldenrod,false,true,L
Abbi,4,Marie-ève,,http://dummyimage.com/189x194.png/ff4444/ffffff,Yellow,true,false,L
Alwin,1,Bérangère,,http://dummyimage.com/224x124.png/ff4444/ffffff,Indigo,true,true,S
Ginny,8,Jú,,http://dummyimage.com/169x248.png/cc0000/ffffff,Pink,false,true,M
Emlynne,5,Bénédicte,,http://dummyimage.com/234x172.jpg/ff4444/ffffff,Puce,false,false,L
Arliene,3,Naëlle,,http://dummyimage.com/179x121.jpg/cc0000/ffffff,Mauv,true,false,S
Joane,1,Maéna,,http://dummyimage.com/239x184.bmp/ff4444/ffffff,Fuscia,true,false,2XL
Dukie,8,Stévina,,http://dummyimage.com/219x152.png/5fa2dd/ffffff,Mauv,false,false,2XL
Lianne,10,Anaël,,http://dummyimage.com/214x139.png/dddddd/000000,Crimson,true,true,S
Sherline,2,Dafnée,,http://dummyimage.com/229x241.png/5fa2dd/ffffff,Green,true,true,XS
Micheal,1,Mélys,,http://dummyimage.com/112x140.bmp/5fa2dd/ffffff,Khaki,true,false,2XL
Grannie,10,Örjan,,http://dummyimage.com/107x243.jpg/dddddd/000000,Puce,true,true,3XL
Wernher,8,Gaétane,,http://dummyimage.com/161x199.png/ff4444/ffffff,Puce,true,false,2XL
Sergio,7,Réservés,,http://dummyimage.com/190x153.jpg/cc0000/ffffff,Khaki,false,true,L
Richmond,9,Maïlis,,http://dummyimage.com/222x165.png/cc0000/ffffff,Red,true,false,XS
Fabe,9,Mégane,,http://dummyimage.com/167x208.jpg/ff4444/ffffff,Crimson,false,false,S
Sean,7,Méline,,http://dummyimage.com/114x135.bmp/dddddd/000000,Blue,false,false,M
Gratiana,8,Åslög,,http://dummyimage.com/229x109.jpg/dddddd/000000,Red,false,true,XS
Lorrie,7,Stéphanie,,http://dummyimage.com/162x141.bmp/dddddd/000000,Teal,false,true,XL
Sabina,7,Anaël,,http://dummyimage.com/113x158.bmp/cc0000/ffffff,Teal,true,false,L
Meridel,6,Esbjörn,,http://dummyimage.com/241x247.jpg/cc0000/ffffff,Orange,false,false,2XL
Reeva,6,Kévina,,http://dummyimage.com/213x124.png/5fa2dd/ffffff,Maroon,false,true,2XL
Marlane,10,Yú,,http://dummyimage.com/152x234.png/cc0000/ffffff,Fuscia,false,true,2XL
Franz,5,Cunégonde,,http://dummyimage.com/217x154.png/ff4444/ffffff,Goldenrod,true,true,2XL
Fanny,3,Loïc,,http://dummyimage.com/152x143.jpg/ff4444/ffffff,Green,true,true,3XL
Janis,1,Rébecca,,http://dummyimage.com/170x148.bmp/5fa2dd/ffffff,Blue,false,true,3XL
Waldemar,1,Pål,,http://dummyimage.com/127x218.jpg/cc0000/ffffff,Maroon,false,true,L
Giraldo,9,Stévina,,http://dummyimage.com/166x100.png/ff4444/ffffff,Yellow,false,true,2XL
Pacorro,5,Bécassine,,http://dummyimage.com/236x247.png/ff4444/ffffff,Crimson,false,false,2XL
Cybil,6,Dorothée,,http://dummyimage.com/106x186.png/dddddd/000000,Violet,false,true,XL
Dannie,9,Maïwenn,,http://dummyimage.com/181x165.bmp/ff4444/ffffff,Orange,false,true,2XL
Ashley,4,Maëlle,,http://dummyimage.com/242x144.png/cc0000/ffffff,Pink,false,true,L
Wolfgang,10,Laurélie,,http://dummyimage.com/196x168.jpg/ff4444/ffffff,Crimson,true,true,M
Tomasine,5,Mén,,http://dummyimage.com/170x230.bmp/cc0000/ffffff,Aquamarine,false,true,M
Barbara-anne,8,Märta,,http://dummyimage.com/122x169.jpg/ff4444/ffffff,Indigo,true,false,L
Benny,3,Gaëlle,,http://dummyimage.com/166x194.jpg/dddddd/000000,Mauv,false,true,XS
Leeland,5,Adélie,,http://dummyimage.com/132x222.bmp/ff4444/ffffff,Aquamarine,false,true,M
Suzanna,8,Danièle,,http://dummyimage.com/209x223.png/dddddd/000000,Yellow,true,true,2XL
Inger,8,Lén,,http://dummyimage.com/209x225.bmp/5fa2dd/ffffff,Fuscia,true,false,2XL
Lelia,7,Méthode,,http://dummyimage.com/110x111.png/dddddd/000000,Khaki,false,false,M
Sandy,3,Styrbjörn,,http://dummyimage.com/148x199.bmp/cc0000/ffffff,Orange,true,true,XL
Cathrin,6,Yè,,http://dummyimage.com/242x177.jpg/cc0000/ffffff,Yellow,false,false,S
Selina,8,Léandre,,http://dummyimage.com/181x201.bmp/cc0000/ffffff,Fuscia,false,true,XL
Andreana,1,Eloïse,,http://dummyimage.com/167x146.png/ff4444/ffffff,Aquamarine,false,false,3XL
Cathrin,7,Anaëlle,,http://dummyimage.com/156x103.png/ff4444/ffffff,Teal,false,true,S
Gerri,4,Valérie,,http://dummyimage.com/153x144.png/dddddd/000000,Violet,false,true,3XL
Kessia,8,Lài,,http://dummyimage.com/191x164.png/cc0000/ffffff,Blue,false,false,3XL
Etan,10,Åsa,,http://dummyimage.com/141x157.jpg/cc0000/ffffff,Maroon,false,true,L
Darcy,2,Valérie,,http://dummyimage.com/142x223.jpg/dddddd/000000,Purple,true,true,3XL
Ursala,4,Lucrèce,,http://dummyimage.com/168x124.bmp/cc0000/ffffff,Puce,true,true,XS
Shermy,2,Alizée,,http://dummyimage.com/241x196.bmp/5fa2dd/ffffff,Orange,true,false,L
Basilius,9,Béatrice,,http://dummyimage.com/146x208.jpg/5fa2dd/ffffff,Blue,true,true,XS
Leia,5,Andrée,,http://dummyimage.com/209x103.png/ff4444/ffffff,Goldenrod,false,false,2XL
Inge,8,Loïs,,http://dummyimage.com/159x142.bmp/ff4444/ffffff,Yellow,true,false,L
Lilia,10,Marlène,,http://dummyimage.com/213x150.bmp/5fa2dd/ffffff,Turquoise,true,true,XL
Alma,7,Görel,,http://dummyimage.com/174x121.png/cc0000/ffffff,Violet,true,true,2XL
Matilde,10,Léone,,http://dummyimage.com/134x186.jpg/dddddd/000000,Turquoise,false,true,3XL
Chase,1,Médiamass,,http://dummyimage.com/214x178.bmp/ff4444/ffffff,Indigo,false,true,3XL
Babb,8,Eléa,,http://dummyimage.com/175x114.bmp/ff4444/ffffff,Violet,true,true,2XL
Glennis,1,Marie-thérèse,,http://dummyimage.com/223x226.jpg/5fa2dd/ffffff,Blue,false,true,3XL
Rosalie,7,Vérane,,http://dummyimage.com/227x157.jpg/dddddd/000000,Puce,true,true,2XL
Margarete,10,Faîtes,,http://dummyimage.com/205x199.jpg/5fa2dd/ffffff,Yellow,false,true,M
Allyce,2,Aurélie,,http://dummyimage.com/109x145.jpg/dddddd/000000,Khaki,false,false,2XL
Arabele,3,Mélia,,http://dummyimage.com/135x105.png/ff4444/ffffff,Yellow,false,false,S
Shurlock,8,Gwenaëlle,,http://dummyimage.com/148x234.png/ff4444/ffffff,Violet,false,false,3XL
Cash,3,Dorothée,,http://dummyimage.com/174x155.png/ff4444/ffffff,Purple,true,true,3XL
Daisie,5,Mélanie,,http://dummyimage.com/201x186.png/ff4444/ffffff,Blue,true,false,S
Ailey,10,Maïté,,http://dummyimage.com/244x138.jpg/ff4444/ffffff,Mauv,false,true,M
Edy,9,Esbjörn,,http://dummyimage.com/245x213.bmp/dddddd/000000,Aquamarine,false,false,XS
Dallas,10,Personnalisée,,http://dummyimage.com/221x202.png/cc0000/ffffff,Green,false,false,M
Toma,3,Camélia,,http://dummyimage.com/114x247.jpg/cc0000/ffffff,Green,true,true,3XL
Thorstein,7,Rachèle,,http://dummyimage.com/172x107.jpg/dddddd/000000,Yellow,true,false,M
Rogerio,9,Wá,,http://dummyimage.com/184x214.bmp/cc0000/ffffff,Red,true,true,XS
Billy,1,Aloïs,,http://dummyimage.com/187x111.bmp/cc0000/ffffff,Maroon,false,true,XL
Tonia,8,Ophélie,,http://dummyimage.com/195x218.png/5fa2dd/ffffff,Teal,true,true,M
Tucky,9,Göran,,http://dummyimage.com/154x177.jpg/ff4444/ffffff,Goldenrod,true,false,XL
Elonore,7,Lóng,,http://dummyimage.com/230x200.png/cc0000/ffffff,Purple,false,false,L
Parsifal,6,Hélèna,,http://dummyimage.com/150x235.png/cc0000/ffffff,Mauv,false,true,XS
Nicky,1,Bécassine,,http://dummyimage.com/192x108.jpg/cc0000/ffffff,Blue,false,true,S
Andree,5,Marylène,,http://dummyimage.com/154x178.png/cc0000/ffffff,Teal,true,false,2XL
Eberhard,1,Ruò,,http://dummyimage.com/231x191.jpg/cc0000/ffffff,Violet,true,true,XS
Herold,8,Salomé,,http://dummyimage.com/246x199.jpg/5fa2dd/ffffff,Teal,false,true,S
Cornie,7,Aurélie,,http://dummyimage.com/210x112.jpg/dddddd/000000,Teal,false,true,2XL
Ros,10,Anaé,,http://dummyimage.com/118x120.bmp/5fa2dd/ffffff,Violet,true,false,XL
Carolyne,2,Lucrèce,,http://dummyimage.com/217x134.jpg/5fa2dd/ffffff,Crimson,false,false,XL
Jannel,6,Mélanie,,http://dummyimage.com/110x222.jpg/cc0000/ffffff,Orange,true,false,2XL
Malva,5,Marie-josée,,http://dummyimage.com/163x174.bmp/ff4444/ffffff,Blue,true,true,L
Olympie,3,Marie-noël,,http://dummyimage.com/148x157.png/dddddd/000000,Puce,false,true,M
Gina,4,Joséphine,,http://dummyimage.com/191x136.png/cc0000/ffffff,Blue,false,true,2XL
Marylin,6,Estée,,http://dummyimage.com/116x188.png/ff4444/ffffff,Green,true,true,2XL
Karlik,1,Sélène,,http://dummyimage.com/206x233.jpg/dddddd/000000,Turquoise,true,false,XL
Shay,4,Léane,,http://dummyimage.com/144x148.jpg/5fa2dd/ffffff,Turquoise,true,false,XS
Ermin,9,Dù,,http://dummyimage.com/188x167.bmp/5fa2dd/ffffff,Goldenrod,true,false,XL
Caritta,6,Réjane,,http://dummyimage.com/205x144.bmp/ff4444/ffffff,Teal,false,false,3XL
Clemente,6,Ráo,,http://dummyimage.com/112x249.bmp/5fa2dd/ffffff,Purple,false,false,2XL
Aluin,7,Méghane,,http://dummyimage.com/198x135.bmp/ff4444/ffffff,Turquoise,false,true,XL
Karisa,5,Athéna,,http://dummyimage.com/125x163.bmp/cc0000/ffffff,Turquoise,true,false,XL
Dalli,4,Aloïs,,http://dummyimage.com/225x227.png/5fa2dd/ffffff,Maroon,true,false,2XL
Clevie,9,Kù,,http://dummyimage.com/100x191.bmp/cc0000/ffffff,Maroon,false,true,M
Martina,10,Vérane,,http://dummyimage.com/198x194.png/cc0000/ffffff,Red,true,true,XL
Beatrisa,7,Lorène,,http://dummyimage.com/185x234.jpg/cc0000/ffffff,Orange,true,true,3XL
Carlita,4,Maëlyss,,http://dummyimage.com/237x229.png/dddddd/000000,Pink,true,true,M
Giles,5,Loïca,,http://dummyimage.com/176x134.bmp/5fa2dd/ffffff,Green,true,true,M
Rufe,6,Yáo,,http://dummyimage.com/197x194.png/5fa2dd/ffffff,Puce,false,true,L
Sianna,1,Maëlla,,http://dummyimage.com/200x243.bmp/5fa2dd/ffffff,Red,false,true,2XL
Kori,9,Renée,,http://dummyimage.com/133x142.png/ff4444/ffffff,Fuscia,false,true,M
Kermit,6,Åke,,http://dummyimage.com/106x117.png/cc0000/ffffff,Indigo,false,false,3XL
Hermon,10,Andréa,,http://dummyimage.com/147x161.bmp/5fa2dd/ffffff,Maroon,true,false,S
Meggy,3,Yénora,,http://dummyimage.com/207x131.bmp/dddddd/000000,Violet,true,false,M
Aleen,3,Maïlis,,http://dummyimage.com/141x205.bmp/ff4444/ffffff,Yellow,false,false,3XL
Franciskus,5,Ruò,,http://dummyimage.com/241x244.png/ff4444/ffffff,Goldenrod,true,true,XL
Gaye,6,Anaël,,http://dummyimage.com/103x237.bmp/cc0000/ffffff,Aquamarine,false,true,XS
Milena,10,Liè,,http://dummyimage.com/119x109.bmp/dddddd/000000,Orange,false,true,XS
Christie,2,Aí,,http://dummyimage.com/167x176.png/cc0000/ffffff,Mauv,false,false,XL
Florie,6,Geneviève,,http://dummyimage.com/171x141.png/5fa2dd/ffffff,Goldenrod,false,false,S
Waylen,4,Liè,,http://dummyimage.com/107x240.png/dddddd/000000,Violet,false,true,XL
Esmeralda,6,Laurène,,http://dummyimage.com/153x210.png/cc0000/ffffff,Puce,false,false,XL
Munroe,7,Léane,,http://dummyimage.com/198x146.bmp/5fa2dd/ffffff,Goldenrod,false,true,XS
Amandy,4,Kévina,,http://dummyimage.com/218x111.bmp/5fa2dd/ffffff,Red,true,true,XS
Lowell,6,Kuí,,http://dummyimage.com/171x166.jpg/dddddd/000000,Indigo,false,false,3XL
Elonore,7,Marie-françoise,,http://dummyimage.com/239x136.jpg/5fa2dd/ffffff,Teal,false,false,XL
Malena,8,Salomé,,http://dummyimage.com/114x186.bmp/5fa2dd/ffffff,Violet,true,true,3XL
Alaster,8,Eliès,,http://dummyimage.com/221x201.png/dddddd/000000,Red,false,false,XS
Brewer,10,Rébecca,,http://dummyimage.com/157x220.png/5fa2dd/ffffff,Green,true,false,3XL
Arlan,6,Mélanie,,http://dummyimage.com/178x201.jpg/ff4444/ffffff,Turquoise,false,false,XS
Isaiah,6,Börje,,http://dummyimage.com/208x210.png/cc0000/ffffff,Orange,true,true,3XL
Gabriell,4,Andrée,,http://dummyimage.com/154x169.jpg/dddddd/000000,Teal,true,false,3XL
Liam,6,Frédérique,,http://dummyimage.com/183x116.png/cc0000/ffffff,Crimson,true,true,XL
Rosabelle,9,Aí,,http://dummyimage.com/250x220.jpg/cc0000/ffffff,Goldenrod,false,true,XS
Elsi,8,Sòng,,http://dummyimage.com/189x141.png/cc0000/ffffff,Yellow,false,false,S
Ellie,7,Clélia,,http://dummyimage.com/137x173.png/5fa2dd/ffffff,Blue,false,true,2XL
Vevay,4,Adélie,,http://dummyimage.com/101x133.png/ff4444/ffffff,Turquoise,true,true,XS
Meier,10,Naëlle,,http://dummyimage.com/106x110.jpg/cc0000/ffffff,Puce,false,false,M
Eduardo,2,Edmée,,http://dummyimage.com/122x112.png/cc0000/ffffff,Maroon,false,true,3XL
Fina,2,Salomé,,http://dummyimage.com/213x206.bmp/ff4444/ffffff,Green,false,true,L
Eloisa,7,Judicaël,,http://dummyimage.com/131x162.png/cc0000/ffffff,Teal,false,false,2XL
Waiter,4,Nélie,,http://dummyimage.com/230x114.jpg/dddddd/000000,Orange,true,true,M
Sol,1,Mén,,http://dummyimage.com/249x200.bmp/dddddd/000000,Indigo,false,true,3XL
Lizzie,1,Gaëlle,,http://dummyimage.com/240x101.bmp/ff4444/ffffff,Yellow,true,true,3XL
Rosina,4,Méthode,,http://dummyimage.com/249x187.png/ff4444/ffffff,Khaki,false,false,3XL
Rob,1,Cléopatre,,http://dummyimage.com/190x197.bmp/5fa2dd/ffffff,Purple,false,true,3XL
Leland,9,Maïlys,,http://dummyimage.com/158x174.bmp/dddddd/000000,Aquamarine,false,true,3XL
Fanni,8,Marie-thérèse,,http://dummyimage.com/123x194.bmp/5fa2dd/ffffff,Khaki,false,false,M
Stacee,5,Gaétane,,http://dummyimage.com/189x203.bmp/cc0000/ffffff,Indigo,false,false,3XL
Loreen,3,Nadège,,http://dummyimage.com/146x114.png/ff4444/ffffff,Indigo,false,true,3XL
Dniren,2,Andréanne,,http://dummyimage.com/178x100.jpg/ff4444/ffffff,Red,false,false,M
Imogen,9,Angélique,,http://dummyimage.com/110x243.bmp/dddddd/000000,Pink,false,false,L
Fanchette,7,Mahélie,,http://dummyimage.com/180x236.bmp/cc0000/ffffff,Khaki,false,true,XS
Agata,6,Mélinda,,http://dummyimage.com/136x174.jpg/ff4444/ffffff,Goldenrod,false,false,3XL
Elnore,1,Göran,,http://dummyimage.com/156x177.jpg/dddddd/000000,Orange,false,false,2XL
Conney,9,Andréa,,http://dummyimage.com/205x232.png/dddddd/000000,Goldenrod,false,true,L
Flory,5,Måns,,http://dummyimage.com/248x215.png/dddddd/000000,Turquoise,true,true,M
Dorise,8,Séverine,,http://dummyimage.com/122x220.jpg/5fa2dd/ffffff,Pink,true,true,L
Elsey,1,Lóng,,http://dummyimage.com/196x111.jpg/5fa2dd/ffffff,Indigo,true,true,3XL
Hannis,2,Régine,,http://dummyimage.com/240x234.jpg/cc0000/ffffff,Orange,false,true,2XL
Sheree,5,Lèi,,http://dummyimage.com/101x103.jpg/cc0000/ffffff,Teal,false,true,L
Ernie,9,Ruì,,http://dummyimage.com/226x165.bmp/dddddd/000000,Puce,true,false,S
Godfry,7,Marylène,,http://dummyimage.com/208x247.jpg/ff4444/ffffff,Aquamarine,true,true,S
Rodrick,4,Léonore,,http://dummyimage.com/146x177.png/cc0000/ffffff,Green,false,false,M
Dulcea,9,Liè,,http://dummyimage.com/144x206.jpg/ff4444/ffffff,Fuscia,false,true,M
Camellia,7,Salomé,,http://dummyimage.com/196x177.png/cc0000/ffffff,Green,true,false,XS
Clo,2,Yè,,http://dummyimage.com/163x238.bmp/ff4444/ffffff,Turquoise,false,false,L
Andee,1,Solène,,http://dummyimage.com/168x116.png/ff4444/ffffff,Mauv,true,false,S
Corette,8,Méryl,,http://dummyimage.com/176x202.jpg/cc0000/ffffff,Purple,true,false,3XL
Gun,7,Océanne,,http://dummyimage.com/201x245.bmp/cc0000/ffffff,Puce,true,false,3XL
Lorinda,7,Loïca,,http://dummyimage.com/134x203.png/cc0000/ffffff,Red,false,false,S
Westbrooke,6,Esbjörn,,http://dummyimage.com/186x237.bmp/5fa2dd/ffffff,Fuscia,false,true,3XL
Jacquenette,10,Bénédicte,,http://dummyimage.com/229x147.bmp/cc0000/ffffff,Crimson,false,false,M
Celestia,6,Athéna,,http://dummyimage.com/135x193.bmp/5fa2dd/ffffff,Puce,true,true,2XL
Cecilio,5,Börje,,http://dummyimage.com/111x179.jpg/ff4444/ffffff,Fuscia,false,true,L
Cristy,3,Clémentine,,http://dummyimage.com/192x143.png/cc0000/ffffff,Blue,false,false,XL
Rad,10,Gisèle,,http://dummyimage.com/125x217.jpg/cc0000/ffffff,Khaki,true,false,XL
Jannel,9,Estève,,http://dummyimage.com/167x122.bmp/ff4444/ffffff,Turquoise,false,true,L
Susette,10,Gérald,,http://dummyimage.com/113x110.bmp/dddddd/000000,Pink,true,true,S
Kyrstin,10,Annotés,,http://dummyimage.com/122x124.jpg/5fa2dd/ffffff,Violet,true,true,L
Georgeta,1,Sélène,,http://dummyimage.com/208x152.bmp/cc0000/ffffff,Mauv,false,true,3XL
Abigail,9,Maëline,,http://dummyimage.com/214x103.bmp/dddddd/000000,Maroon,false,true,S
Iris,1,Thérèsa,,http://dummyimage.com/174x134.jpg/ff4444/ffffff,Pink,true,true,S
Franky,9,Gwenaëlle,,http://dummyimage.com/103x218.png/ff4444/ffffff,Puce,true,false,3XL
Diahann,3,Ophélie,,http://dummyimage.com/122x183.png/ff4444/ffffff,Orange,false,true,L
Wandie,5,Fèi,,http://dummyimage.com/196x174.png/ff4444/ffffff,Turquoise,false,false,M
Renelle,5,Séréna,,http://dummyimage.com/249x204.bmp/dddddd/000000,Pink,true,true,S
Shalom,4,Lèi,,http://dummyimage.com/154x142.png/ff4444/ffffff,Indigo,false,false,S
Karoly,10,Gaïa,,http://dummyimage.com/235x126.bmp/cc0000/ffffff,Violet,false,true,M
Heather,10,Almérinda,,http://dummyimage.com/206x145.jpg/5fa2dd/ffffff,Violet,true,true,2XL
Filbert,6,Réservés,,http://dummyimage.com/104x150.png/dddddd/000000,Pink,false,true,XL
Frazer,1,Esbjörn,,http://dummyimage.com/135x201.bmp/5fa2dd/ffffff,Yellow,false,true,2XL
Ryun,7,Adélie,,http://dummyimage.com/247x229.bmp/dddddd/000000,Puce,false,false,M
Adriana,1,Léonie,,http://dummyimage.com/151x204.png/ff4444/ffffff,Maroon,false,false,M
Adena,9,Céline,,http://dummyimage.com/207x130.bmp/5fa2dd/ffffff,Goldenrod,true,true,XS
Lexy,1,Pål,,http://dummyimage.com/103x247.png/dddddd/000000,Goldenrod,true,false,3XL
Dougie,1,Mélanie,,http://dummyimage.com/145x165.bmp/ff4444/ffffff,Aquamarine,true,false,S
Giraud,8,Maëly,,http://dummyimage.com/249x122.bmp/cc0000/ffffff,Purple,true,false,XL
Carlo,5,Kallisté,,http://dummyimage.com/140x171.png/5fa2dd/ffffff,Violet,true,true,L
Shell,9,Léonore,,http://dummyimage.com/178x177.jpg/ff4444/ffffff,Goldenrod,true,true,S
Bryana,4,Bérangère,,http://dummyimage.com/140x241.bmp/5fa2dd/ffffff,Purple,true,true,XS
Ketty,8,Nélie,,http://dummyimage.com/162x103.png/cc0000/ffffff,Maroon,true,true,2XL
Adan,1,Maëlle,,http://dummyimage.com/249x184.bmp/cc0000/ffffff,Red,false,true,2XL
Adelbert,10,Léane,,http://dummyimage.com/190x108.jpg/cc0000/ffffff,Khaki,true,false,L
Tibold,5,Véronique,,http://dummyimage.com/187x250.png/5fa2dd/ffffff,Maroon,true,false,S
Mylo,8,Yè,,http://dummyimage.com/110x143.jpg/5fa2dd/ffffff,Yellow,true,true,3XL
Genna,1,Méline,,http://dummyimage.com/132x207.jpg/5fa2dd/ffffff,Crimson,false,true,L
Rene,1,Judicaël,,http://dummyimage.com/238x131.bmp/dddddd/000000,Goldenrod,true,false,L
Waldemar,6,Méthode,,http://dummyimage.com/112x158.png/5fa2dd/ffffff,Violet,true,false,2XL
Brittne,7,Faîtes,,http://dummyimage.com/214x122.jpg/dddddd/000000,Goldenrod,false,true,XS
Delly,9,Tán,,http://dummyimage.com/139x169.png/dddddd/000000,Pink,false,true,XL
Tonia,5,Clémence,,http://dummyimage.com/241x163.png/5fa2dd/ffffff,Yellow,true,false,3XL
Paulie,9,Yáo,,http://dummyimage.com/205x106.bmp/ff4444/ffffff,Mauv,true,false,XL
Jaclyn,4,Ruò,,http://dummyimage.com/153x106.jpg/dddddd/000000,Orange,false,true,M
Mendel,8,Laurélie,,http://dummyimage.com/190x173.bmp/dddddd/000000,Pink,true,true,3XL
Nessa,7,Görel,,http://dummyimage.com/145x120.jpg/5fa2dd/ffffff,Blue,false,false,XS
Elenore,4,Lóng,,http://dummyimage.com/198x154.jpg/ff4444/ffffff,Turquoise,false,true,L
Farah,8,Maï,,http://dummyimage.com/159x150.bmp/dddddd/000000,Goldenrod,false,true,M
Pierce,7,Médiamass,,http://dummyimage.com/206x135.png/dddddd/000000,Crimson,true,true,XS
Taryn,1,Méline,,http://dummyimage.com/181x176.png/ff4444/ffffff,Maroon,true,false,XL
Bentlee,9,Pénélope,,http://dummyimage.com/158x249.png/ff4444/ffffff,Yellow,false,true,S
Sully,3,Kù,,http://dummyimage.com/100x112.bmp/cc0000/ffffff,Goldenrod,false,true,S
Elga,9,Méline,,http://dummyimage.com/249x222.png/dddddd/000000,Yellow,false,true,S
Durward,10,Méng,,http://dummyimage.com/128x222.bmp/dddddd/000000,Violet,true,true,L
Kiele,1,Hélène,,http://dummyimage.com/151x186.png/ff4444/ffffff,Pink,false,true,L
Hilde,7,Görel,,http://dummyimage.com/249x198.bmp/cc0000/ffffff,Red,true,true,S
Richard,9,Nélie,,http://dummyimage.com/176x122.png/ff4444/ffffff,Violet,false,false,S
Mercie,9,Ruò,,http://dummyimage.com/108x135.jpg/5fa2dd/ffffff,Teal,true,false,2XL
Emmy,3,Françoise,,http://dummyimage.com/105x230.png/5fa2dd/ffffff,Khaki,false,false,2XL
Saxon,9,Adélie,,http://dummyimage.com/202x138.jpg/dddddd/000000,Aquamarine,true,true,3XL
Aindrea,8,Méline,,http://dummyimage.com/203x104.png/dddddd/000000,Purple,true,false,M
Berkeley,3,Sélène,,http://dummyimage.com/117x222.bmp/cc0000/ffffff,Purple,true,true,2XL
Ailey,7,Géraldine,,http://dummyimage.com/239x225.bmp/cc0000/ffffff,Violet,true,false,3XL
Jimmy,3,Mylène,,http://dummyimage.com/146x137.png/cc0000/ffffff,Violet,true,true,XL
Luisa,3,Maï,,http://dummyimage.com/129x221.bmp/cc0000/ffffff,Fuscia,false,false,S
Donnie,10,Jú,,http://dummyimage.com/250x131.jpg/cc0000/ffffff,Mauv,true,false,L
Elisha,7,Pål,,http://dummyimage.com/219x173.bmp/ff4444/ffffff,Indigo,true,true,S
Wallas,2,Mélinda,,http://dummyimage.com/118x145.jpg/5fa2dd/ffffff,Green,true,true,XS
Godard,6,Gisèle,,http://dummyimage.com/240x235.jpg/ff4444/ffffff,Yellow,false,true,XL
Gregorio,5,Åsa,,http://dummyimage.com/178x247.jpg/5fa2dd/ffffff,Violet,true,true,XL
Frasco,5,Dù,,http://dummyimage.com/169x168.bmp/cc0000/ffffff,Fuscia,false,false,S
Kareem,5,Cinéma,,http://dummyimage.com/156x232.png/cc0000/ffffff,Violet,false,true,3XL
Clement,8,Joséphine,,http://dummyimage.com/136x207.png/cc0000/ffffff,Maroon,false,false,2XL
Vincenty,10,Geneviève,,http://dummyimage.com/204x205.jpg/5fa2dd/ffffff,Purple,true,false,S
Eilis,3,Laïla,,http://dummyimage.com/201x145.bmp/ff4444/ffffff,Pink,false,false,S
Omero,8,Cunégonde,,http://dummyimage.com/245x105.jpg/5fa2dd/ffffff,Puce,true,true,3XL
North,3,Nadège,,http://dummyimage.com/182x194.bmp/5fa2dd/ffffff,Indigo,false,false,XL
Iolanthe,9,Kévina,,http://dummyimage.com/111x162.bmp/cc0000/ffffff,Yellow,false,true,XS
Joice,3,Bérénice,,http://dummyimage.com/181x133.jpg/5fa2dd/ffffff,Violet,true,true,XL
Dalt,7,Bérénice,,http://dummyimage.com/189x225.bmp/cc0000/ffffff,Teal,false,true,XS
Wilmer,8,Maï,,http://dummyimage.com/240x132.png/5fa2dd/ffffff,Mauv,false,false,XL
Rois,6,Salomé,,http://dummyimage.com/187x245.png/ff4444/ffffff,Blue,false,false,S
Arvin,6,Eléa,,http://dummyimage.com/126x202.bmp/5fa2dd/ffffff,Red,true,true,M
Hamel,2,Nadège,,http://dummyimage.com/150x186.png/dddddd/000000,Teal,true,false,2XL
Levin,2,Eléa,,http://dummyimage.com/116x153.jpg/ff4444/ffffff,Fuscia,true,false,XS
Jessy,7,Angélique,,http://dummyimage.com/165x186.png/dddddd/000000,Indigo,false,true,2XL
Silvester,3,Dorothée,,http://dummyimage.com/212x201.bmp/5fa2dd/ffffff,Orange,false,false,XL
Andros,5,Cécile,,http://dummyimage.com/236x244.jpg/dddddd/000000,Blue,true,false,L
Harcourt,7,Östen,,http://dummyimage.com/175x180.bmp/ff4444/ffffff,Khaki,false,false,L
Ailee,4,Maéna,,http://dummyimage.com/219x159.png/5fa2dd/ffffff,Orange,false,false,S
Joellyn,2,Sòng,,http://dummyimage.com/103x159.png/5fa2dd/ffffff,Yellow,true,false,3XL
Buiron,6,Maëlys,,http://dummyimage.com/179x117.bmp/cc0000/ffffff,Fuscia,true,false,3XL
Marie-jeanne,7,Björn,,http://dummyimage.com/149x157.png/cc0000/ffffff,Yellow,false,false,XS
Free,4,Renée,,http://dummyimage.com/175x217.bmp/ff4444/ffffff,Mauv,true,false,M
Henrie,4,Kuí,,http://dummyimage.com/152x149.png/ff4444/ffffff,Fuscia,true,false,3XL
Sal,1,Cécile,,http://dummyimage.com/230x185.bmp/5fa2dd/ffffff,Pink,false,true,M
Hettie,2,Néhémie,,http://dummyimage.com/118x122.png/dddddd/000000,Pink,true,false,L
Lona,1,Lèi,,http://dummyimage.com/134x199.jpg/cc0000/ffffff,Aquamarine,false,true,XS
Alberta,9,Aloïs,,http://dummyimage.com/114x112.jpg/dddddd/000000,Teal,false,false,XS
Consalve,3,Åsa,,http://dummyimage.com/192x140.png/ff4444/ffffff,Fuscia,true,false,L
Trevar,7,Céline,,http://dummyimage.com/175x232.png/5fa2dd/ffffff,Pink,false,true,2XL
Derward,8,Maïly,,http://dummyimage.com/117x146.png/cc0000/ffffff,Khaki,false,true,S
Clara,8,Ophélie,,http://dummyimage.com/248x190.jpg/dddddd/000000,Mauv,false,true,3XL
Franny,7,Laurélie,,http://dummyimage.com/148x233.png/ff4444/ffffff,Mauv,false,false,XS
Anatollo,1,Styrbjörn,,http://dummyimage.com/141x132.bmp/cc0000/ffffff,Mauv,false,false,S
Andros,8,Börje,,http://dummyimage.com/188x157.bmp/dddddd/000000,Crimson,true,true,M
Heath,4,Valérie,,http://dummyimage.com/233x241.png/dddddd/000000,Fuscia,false,false,L
Selma,6,Maéna,,http://dummyimage.com/124x159.bmp/ff4444/ffffff,Violet,false,false,3XL
Martica,9,Séverine,,http://dummyimage.com/221x133.jpg/5fa2dd/ffffff,Khaki,true,true,M
Angelita,5,Maïly,,http://dummyimage.com/125x131.png/5fa2dd/ffffff,Goldenrod,false,true,3XL
Patin,10,Gaïa,,http://dummyimage.com/235x237.png/cc0000/ffffff,Orange,true,true,S
Drona,4,Loïc,,http://dummyimage.com/230x238.jpg/cc0000/ffffff,Red,true,true,S
Kora,9,Danièle,,http://dummyimage.com/160x144.png/5fa2dd/ffffff,Green,true,true,XS
"Leon",1,"Patrycja","Maine coon","","red", "","","M"
Catherina,3,Athéna,,http://dummyimage.com/118x216.jpg/cc0000/ffffff,Green,false,false,XL
Rodie,1,Måns,,http://dummyimage.com/241x180.bmp/cc0000/ffffff,Orange,false,false,M
Lotte,3,Mélissandre,,http://dummyimage.com/162x163.jpg/dddddd/000000,Turquoise,false,true,XS
Jeramey,9,Eloïse,,http://dummyimage.com/115x226.bmp/cc0000/ffffff,Orange,true,false,XS
Garold,1,Simplifiés,,http://dummyimage.com/106x100.jpg/cc0000/ffffff,Khaki,false,true,XS
Gertie,4,Ruì,,http://dummyimage.com/138x119.jpg/dddddd/000000,Purple,true,false,3XL
Giselle,7,Cécile,,http://dummyimage.com/208x154.bmp/5fa2dd/ffffff,Aquamarine,true,true,S
Kellsie,6,Aimée,,http://dummyimage.com/119x117.bmp/ff4444/ffffff,Purple,false,true,M
Zorina,3,Lóng,,http://dummyimage.com/210x235.jpg/cc0000/ffffff,Aquamarine,true,false,XL
Lorrie,8,Almérinda,,http://dummyimage.com/217x126.bmp/cc0000/ffffff,Yellow,false,true,S
Marianne,9,Yénora,,http://dummyimage.com/148x245.png/cc0000/ffffff,Purple,false,true,XS
Anthe,10,Alizée,,http://dummyimage.com/120x161.jpg/dddddd/000000,Turquoise,false,false,L
Raddy,2,Loïc,,http://dummyimage.com/204x244.bmp/dddddd/000000,Maroon,false,false,XL
Alisander,8,Maëlyss,,http://dummyimage.com/149x248.png/dddddd/000000,Aquamarine,false,true,S
Claiborne,10,Géraldine,,http://dummyimage.com/239x141.bmp/dddddd/000000,Yellow,false,false,XS
Jeremy,6,Mahélie,,http://dummyimage.com/207x186.jpg/cc0000/ffffff,Orange,true,true,S
Beverlee,1,Liè,,http://dummyimage.com/173x115.png/ff4444/ffffff,Purple,false,false,L
Patrizia,5,Desirée,,http://dummyimage.com/101x158.jpg/cc0000/ffffff,Yellow,true,false,3XL
Arleyne,8,Dorothée,,http://dummyimage.com/151x230.png/dddddd/000000,Fuscia,true,false,S
Harman,9,Laurélie,,http://dummyimage.com/165x174.bmp/ff4444/ffffff,Indigo,true,true,M
Elie,7,Aloïs,,http://dummyimage.com/211x147.bmp/ff4444/ffffff,Green,false,true,2XL
Ileana,7,Lóng,,http://dummyimage.com/188x218.jpg/cc0000/ffffff,Aquamarine,true,false,2XL
Byrann,1,Aurélie,,http://dummyimage.com/124x224.jpg/dddddd/000000,Red,false,true,XL
La verne,4,Françoise,,http://dummyimage.com/239x243.jpg/5fa2dd/ffffff,Khaki,true,false,S
Ines,10,Maïté,,http://dummyimage.com/173x196.bmp/dddddd/000000,Blue,false,true,M
Ilka,2,Miléna,,http://dummyimage.com/103x248.png/cc0000/ffffff,Maroon,true,false,S
Cointon,9,Yóu,,http://dummyimage.com/199x160.bmp/cc0000/ffffff,Indigo,false,false,S
Caitrin,5,Marylène,,http://dummyimage.com/151x193.png/dddddd/000000,Violet,true,false,2XL
Ulises,9,Maïté,,http://dummyimage.com/207x239.jpg/dddddd/000000,Fuscia,true,false,XL
Codi,2,Zhì,,http://dummyimage.com/142x157.png/dddddd/000000,Yellow,true,true,XS
Aridatha,3,Béatrice,,http://dummyimage.com/176x141.bmp/dddddd/000000,Khaki,false,true,L
Roth,3,Naéva,,http://dummyimage.com/183x101.bmp/5fa2dd/ffffff,Orange,true,false,XS
Maggy,9,Méng,,http://dummyimage.com/110x119.bmp/ff4444/ffffff,Purple,false,false,S
Danette,4,Séverine,,http://dummyimage.com/195x153.bmp/dddddd/000000,Green,false,true,S
Nil,9,Audréanne,,http://dummyimage.com/186x100.jpg/ff4444/ffffff,Khaki,true,true,L
Orelee,2,Marie-thérèse,,http://dummyimage.com/204x213.png/cc0000/ffffff,Khaki,false,false,M
Korrie,1,Marie-ève,,http://dummyimage.com/134x153.jpg/dddddd/000000,Pink,true,false,3XL
Debra,10,Maëlann,,http://dummyimage.com/113x112.jpg/cc0000/ffffff,Crimson,true,true,XL
Maiga,2,Océanne,,http://dummyimage.com/108x108.jpg/5fa2dd/ffffff,Mauv,true,false,2XL
Emmy,3,Géraldine,,http://dummyimage.com/234x132.jpg/dddddd/000000,Turquoise,false,false,L
Doug,3,Béatrice,,http://dummyimage.com/214x100.jpg/cc0000/ffffff,Turquoise,true,false,S
Verne,5,Illustrée,,http://dummyimage.com/111x160.bmp/ff4444/ffffff,Pink,false,true,L
Ardyth,2,Vérane,,http://dummyimage.com/234x104.bmp/ff4444/ffffff,Puce,true,true,3XL
Zak,9,Mårten,,http://dummyimage.com/225x217.bmp/cc0000/ffffff,Mauv,false,false,2XL
Rollie,8,Clémence,,http://dummyimage.com/229x219.jpg/ff4444/ffffff,Purple,false,true,2XL
Eb,8,Maëlann,,http://dummyimage.com/109x118.bmp/ff4444/ffffff,Pink,false,false,L
Estrella,3,Naéva,,http://dummyimage.com/238x225.bmp/ff4444/ffffff,Indigo,false,true,3XL
Reeva,4,Laurène,,http://dummyimage.com/132x222.bmp/dddddd/000000,Maroon,true,false,XS
Erastus,7,Kévina,,http://dummyimage.com/242x225.jpg/ff4444/ffffff,Khaki,false,false,M
Katuscha,1,Irène,,http://dummyimage.com/130x109.png/cc0000/ffffff,Orange,true,false,L
Teriann,10,Mà,,http://dummyimage.com/227x186.bmp/5fa2dd/ffffff,Purple,false,false,XS
Kiley,10,Geneviève,,http://dummyimage.com/233x122.jpg/ff4444/ffffff,Pink,true,true,2XL
Fernanda,5,Tú,,http://dummyimage.com/144x219.jpg/cc0000/ffffff,Yellow,true,false,XS
Loy,7,Marie-thérèse,,http://dummyimage.com/153x203.jpg/dddddd/000000,Goldenrod,true,true,XS
Sheelah,7,Personnalisée,,http://dummyimage.com/180x244.bmp/cc0000/ffffff,Mauv,false,false,XL
Jonah,4,Yáo,,http://dummyimage.com/235x103.bmp/cc0000/ffffff,Mauv,true,true,3XL
Gardener,6,Maïly,,http://dummyimage.com/104x249.png/dddddd/000000,Blue,true,true,S
Beck,4,Daphnée,,http://dummyimage.com/125x106.bmp/cc0000/ffffff,Aquamarine,false,false,M
Laurie,5,Adélie,,http://dummyimage.com/222x148.bmp/dddddd/000000,Aquamarine,true,false,XL
Levey,10,Laïla,,http://dummyimage.com/115x100.png/cc0000/ffffff,Turquoise,true,true,S
Danie,4,Cécilia,,http://dummyimage.com/148x200.jpg/ff4444/ffffff,Green,true,false,XS
Portia,6,Aurélie,,http://dummyimage.com/173x248.jpg/dddddd/000000,Blue,false,true,XS
Sonja,5,Pò,,http://dummyimage.com/200x175.png/ff4444/ffffff,Yellow,true,true,S
Rachael,3,Crééz,,http://dummyimage.com/142x194.bmp/5fa2dd/ffffff,Goldenrod,true,false,3XL
Panchito,5,Aí,,http://dummyimage.com/228x220.jpg/cc0000/ffffff,Puce,false,false,S
Kathrine,9,Loïca,,http://dummyimage.com/169x212.jpg/dddddd/000000,Violet,true,false,3XL
Gregorius,5,Agnès,,http://dummyimage.com/171x123.jpg/ff4444/ffffff,Indigo,false,true,XL
Gawen,10,Mélodie,,http://dummyimage.com/119x236.png/dddddd/000000,Red,false,true,S
Drusilla,1,Fèi,,http://dummyimage.com/154x189.bmp/dddddd/000000,Maroon,false,false,XL
Phillipe,3,Börje,,http://dummyimage.com/101x215.bmp/5fa2dd/ffffff,Teal,false,true,S
Barrie,9,Görel,,http://dummyimage.com/216x171.bmp/dddddd/000000,Aquamarine,false,false,XS
Garrott,10,Mélanie,,http://dummyimage.com/187x132.bmp/dddddd/000000,Mauv,false,false,M
Lorenzo,5,Adélie,,http://dummyimage.com/182x160.png/dddddd/000000,Indigo,false,true,M
Harmonia,7,Léonore,,http://dummyimage.com/235x133.bmp/5fa2dd/ffffff,Red,false,true,2XL
Bridget,10,Cunégonde,,http://dummyimage.com/137x140.bmp/dddddd/000000,Violet,false,false,XL
Tory,1,Yóu,,http://dummyimage.com/242x207.jpg/5fa2dd/ffffff,Red,false,true,M
Filmore,7,Maï,,http://dummyimage.com/126x244.jpg/ff4444/ffffff,Mauv,true,true,XL
Hadleigh,6,Dafnée,,http://dummyimage.com/163x108.png/5fa2dd/ffffff,Mauv,true,true,L
Kingsley,1,Cécile,,http://dummyimage.com/226x242.png/dddddd/000000,Pink,false,true,XS
Mehetabel,6,Ruò,,http://dummyimage.com/174x199.jpg/dddddd/000000,Puce,true,false,XL
Nicoli,2,Danièle,,http://dummyimage.com/136x189.jpg/cc0000/ffffff,Fuscia,true,false,XS
Cristy,2,Nélie,,http://dummyimage.com/242x118.bmp/ff4444/ffffff,Orange,false,true,S
Dolores,8,Vérane,,http://dummyimage.com/207x145.jpg/cc0000/ffffff,Khaki,false,true,L
Hernando,4,Maéna,,http://dummyimage.com/239x240.jpg/dddddd/000000,Yellow,false,true,M
Keri,10,Tán,,http://dummyimage.com/157x136.bmp/cc0000/ffffff,Purple,true,true,L
Faber,1,Maëlys,,http://dummyimage.com/179x207.jpg/dddddd/000000,Goldenrod,true,true,XS
Kerry,3,Maïwenn,,http://dummyimage.com/193x229.jpg/5fa2dd/ffffff,Yellow,false,false,XL
Filippa,8,Hélène,,http://dummyimage.com/196x170.bmp/dddddd/000000,Yellow,true,true,XL
Kikelia,1,Nélie,,http://dummyimage.com/199x150.png/cc0000/ffffff,Turquoise,false,true,2XL
Hebert,9,Hélène,,http://dummyimage.com/235x143.jpg/cc0000/ffffff,Crimson,true,true,2XL
Loren,3,Estève,,http://dummyimage.com/228x238.bmp/cc0000/ffffff,Puce,true,true,2XL
Packston,1,Noëlla,,http://dummyimage.com/112x239.png/ff4444/ffffff,Aquamarine,true,false,L
Rutter,10,Naéva,,http://dummyimage.com/198x238.bmp/dddddd/000000,Blue,true,false,2XL
Josie,2,Méline,,http://dummyimage.com/163x169.png/5fa2dd/ffffff,Aquamarine,true,true,3XL
Shelli,10,Lén,,http://dummyimage.com/164x140.png/5fa2dd/ffffff,Maroon,true,true,XS
Simeon,10,Néhémie,,http://dummyimage.com/212x196.jpg/cc0000/ffffff,Aquamarine,false,false,L
Jilleen,9,Laïla,,http://dummyimage.com/199x192.png/dddddd/000000,Red,true,true,XL
Ignacius,4,Mélys,,http://dummyimage.com/249x139.png/dddddd/000000,Maroon,false,true,M
Kinsley,5,Tán,,http://dummyimage.com/228x175.jpg/dddddd/000000,Purple,false,false,XL
Abel,8,Lauréna,,http://dummyimage.com/181x226.bmp/dddddd/000000,Mauv,false,true,S
Ebonee,10,Fèi,,http://dummyimage.com/138x174.bmp/cc0000/ffffff,Yellow,false,true,XL
Luisa,7,Lèi,,http://dummyimage.com/138x188.jpg/5fa2dd/ffffff,Violet,false,true,S
Winnie,9,Gérald,,http://dummyimage.com/186x184.jpg/5fa2dd/ffffff,Fuscia,true,true,3XL
Kaye,7,Mélanie,,http://dummyimage.com/137x167.bmp/5fa2dd/ffffff,Khaki,false,false,XS
Wilhelm,3,Maëlla,,http://dummyimage.com/249x123.bmp/dddddd/000000,Blue,true,false,L
Codi,10,Léa,,http://dummyimage.com/209x226.png/dddddd/000000,Pink,true,false,2XL
Jessie,8,Eléa,,http://dummyimage.com/121x216.jpg/dddddd/000000,Indigo,true,false,2XL
Sonnie,8,Sòng,,http://dummyimage.com/135x133.jpg/ff4444/ffffff,Pink,false,true,3XL
Olvan,5,Céline,,http://dummyimage.com/221x149.bmp/ff4444/ffffff,Teal,true,true,3XL
Raul,8,Adélaïde,,http://dummyimage.com/209x230.bmp/dddddd/000000,Mauv,true,false,S
Zorah,1,Maëly,,http://dummyimage.com/128x196.png/5fa2dd/ffffff,Fuscia,false,true,L
Petra,6,Léa,,http://dummyimage.com/212x206.png/dddddd/000000,Turquoise,true,false,S
Leona,4,Hélèna,,http://dummyimage.com/212x215.png/dddddd/000000,Blue,true,true,S
Debera,2,Mà,,http://dummyimage.com/147x160.bmp/ff4444/ffffff,Green,false,false,2XL
Miguela,4,Gaétane,,http://dummyimage.com/172x237.png/dddddd/000000,Purple,true,false,M
Crystal,9,Märta,,http://dummyimage.com/228x229.jpg/ff4444/ffffff,Red,true,false,S
Zaria,2,Yú,,http://dummyimage.com/247x129.png/cc0000/ffffff,Red,false,true,L
Vonni,3,Alizée,,http://dummyimage.com/246x103.png/cc0000/ffffff,Turquoise,false,true,3XL
Jania,4,Personnalisée,,http://dummyimage.com/245x165.jpg/ff4444/ffffff,Turquoise,false,false,3XL
Earle,2,Gisèle,,http://dummyimage.com/228x210.png/cc0000/ffffff,Pink,true,true,S
Bernita,8,Mélodie,,http://dummyimage.com/172x229.jpg/ff4444/ffffff,Crimson,true,true,L
Nyssa,8,Pénélope,,http://dummyimage.com/107x239.jpg/cc0000/ffffff,Pink,false,false,L
Zabrina,5,Yáo,,http://dummyimage.com/175x171.jpg/ff4444/ffffff,Red,false,true,2XL
Drake,5,Örjan,,http://dummyimage.com/138x123.jpg/5fa2dd/ffffff,Mauv,true,true,XL
Maude,9,Agnès,,http://dummyimage.com/180x108.jpg/dddddd/000000,Mauv,true,false,3XL
Danit,10,Félicie,,http://dummyimage.com/233x189.jpg/ff4444/ffffff,Crimson,false,true,M
Kai,10,Wá,,http://dummyimage.com/214x112.bmp/ff4444/ffffff,Mauv,false,false,S
Amata,6,Mélia,,http://dummyimage.com/155x211.bmp/5fa2dd/ffffff,Fuscia,false,false,XS
Derril,7,Maëlle,,http://dummyimage.com/147x221.bmp/cc0000/ffffff,Goldenrod,false,false,XS
Corny,4,Mélissandre,,http://dummyimage.com/127x222.bmp/cc0000/ffffff,Purple,false,true,S
Ethelyn,4,Géraldine,,http://dummyimage.com/202x118.png/ff4444/ffffff,Yellow,true,false,L
Iormina,2,Dù,,http://dummyimage.com/247x138.bmp/cc0000/ffffff,Maroon,true,false,L
Toddie,6,Cléopatre,,http://dummyimage.com/185x241.jpg/cc0000/ffffff,Indigo,false,false,3XL
Leonore,8,Yè,,http://dummyimage.com/158x163.png/cc0000/ffffff,Yellow,true,false,3XL
Claude,10,Danièle,,http://dummyimage.com/137x221.bmp/cc0000/ffffff,Teal,false,true,L
Samara,10,Gérald,,http://dummyimage.com/110x224.png/dddddd/000000,Fuscia,false,true,XS
Levey,6,Östen,,http://dummyimage.com/186x147.bmp/cc0000/ffffff,Turquoise,true,true,S
Silvester,4,Athéna,,http://dummyimage.com/118x107.png/5fa2dd/ffffff,Khaki,false,true,2XL
Onofredo,4,Néhémie,,http://dummyimage.com/225x247.bmp/dddddd/000000,Maroon,false,true,M
Phedra,1,Sélène,,http://dummyimage.com/186x201.jpg/dddddd/000000,Mauv,false,false,XS
Janette,1,Ophélie,,http://dummyimage.com/128x192.bmp/cc0000/ffffff,Puce,false,true,XL
Andree,6,Gaétane,,http://dummyimage.com/194x247.png/dddddd/000000,Green,true,false,M
Demetris,8,Tú,,http://dummyimage.com/187x144.png/5fa2dd/ffffff,Maroon,true,true,3XL
Bonnibelle,8,Daphnée,,http://dummyimage.com/212x171.jpg/cc0000/ffffff,Violet,false,true,XL
Dacey,5,Göran,,http://dummyimage.com/112x192.bmp/5fa2dd/ffffff,Crimson,true,true,XL
Maurizio,1,Solène,,http://dummyimage.com/177x103.jpg/5fa2dd/ffffff,Turquoise,false,false,XL
Brooke,1,Célestine,,http://dummyimage.com/146x215.jpg/dddddd/000000,Blue,false,true,L
Alyosha,3,Thérèse,,http://dummyimage.com/230x222.png/cc0000/ffffff,Pink,false,true,3XL
Bibbie,4,Vérane,,http://dummyimage.com/109x249.jpg/cc0000/ffffff,Teal,false,false,L
May,10,Gaétane,,http://dummyimage.com/109x244.jpg/ff4444/ffffff,Mauv,false,true,M
Cecilio,10,Stéphanie,,http://dummyimage.com/166x232.png/cc0000/ffffff,Turquoise,false,false,XS
Simona,9,Audréanne,,http://dummyimage.com/220x150.png/ff4444/ffffff,Goldenrod,false,false,XS
Rozamond,3,Néhémie,,http://dummyimage.com/149x208.png/ff4444/ffffff,Blue,false,true,2XL
Massimo,9,Pò,,http://dummyimage.com/155x102.bmp/5fa2dd/ffffff,Aquamarine,true,true,XL
Fairleigh,10,Estève,,http://dummyimage.com/127x210.bmp/cc0000/ffffff,Mauv,false,true,S
Layton,2,Estève,,http://dummyimage.com/248x109.jpg/dddddd/000000,Indigo,true,true,M
Clemmy,10,Maï,,http://dummyimage.com/144x166.png/5fa2dd/ffffff,Khaki,true,false,2XL
Celia,7,Yáo,,http://dummyimage.com/193x233.png/ff4444/ffffff,Puce,false,false,M
Kanya,1,Mélanie,,http://dummyimage.com/103x162.jpg/5fa2dd/ffffff,Indigo,true,false,M
Felisha,3,Hélène,,http://dummyimage.com/161x172.png/dddddd/000000,Teal,false,true,S
Bat,6,Laurélie,,http://dummyimage.com/188x227.bmp/cc0000/ffffff,Aquamarine,true,true,XL
Charlean,7,Pénélope,,http://dummyimage.com/197x158.bmp/cc0000/ffffff,Red,false,false,M
Jillayne,1,Annotée,,http://dummyimage.com/160x191.png/dddddd/000000,Orange,true,true,M
Olvan,5,Cinéma,,http://dummyimage.com/161x160.bmp/5fa2dd/ffffff,Mauv,false,false,M
Willi,6,Lóng,,http://dummyimage.com/215x164.jpg/ff4444/ffffff,Aquamarine,true,true,3XL
Wilhelmina,10,Torbjörn,,http://dummyimage.com/107x232.png/5fa2dd/ffffff,Maroon,true,true,3XL
Tiertza,8,Gaétane,,http://dummyimage.com/227x114.jpg/5fa2dd/ffffff,Indigo,true,false,M
Molli,4,Naëlle,,http://dummyimage.com/229x131.jpg/cc0000/ffffff,Puce,false,false,S
Umberto,5,Almérinda,,http://dummyimage.com/117x218.bmp/cc0000/ffffff,Mauv,true,false,S
Cirilo,10,Märta,,http://dummyimage.com/145x193.png/5fa2dd/ffffff,Blue,false,true,XL
Addison,4,Adélaïde,,http://dummyimage.com/185x103.bmp/dddddd/000000,Puce,false,false,L
Cathyleen,8,Marylène,,http://dummyimage.com/201x227.bmp/5fa2dd/ffffff,Yellow,false,true,S
Tammie,10,Fèi,,http://dummyimage.com/141x238.png/dddddd/000000,Crimson,true,false,2XL
Berri,8,Zoé,,http://dummyimage.com/243x195.png/cc0000/ffffff,Yellow,true,false,3XL
Edan,3,Cécile,,http://dummyimage.com/115x213.jpg/5fa2dd/ffffff,Fuscia,true,false,S
Melvyn,1,Maëline,,http://dummyimage.com/194x144.jpg/dddddd/000000,Puce,false,false,3XL
Hillary,4,Mà,,http://dummyimage.com/145x194.png/cc0000/ffffff,Aquamarine,false,true,S
Elenore,9,Edmée,,http://dummyimage.com/233x123.jpg/5fa2dd/ffffff,Indigo,true,true,M
Conrade,6,Gérald,,http://dummyimage.com/161x158.bmp/dddddd/000000,Yellow,false,false,XS
Modestine,7,Örjan,,http://dummyimage.com/135x184.bmp/dddddd/000000,Pink,false,false,S
Court,9,Eliès,,http://dummyimage.com/121x137.jpg/5fa2dd/ffffff,Blue,false,false,XS
Alexio,3,Françoise,,http://dummyimage.com/235x221.bmp/dddddd/000000,Violet,false,false,3XL
